Course Code,Course Name,Default Category,Proposed Specific Category,File Count,Total Size (MB),Degree Programs,Academic Years,Sample Document Titles
A04D5A,Religions,Examens,Examens,17,2.62,Ma - Algemeen vormende onderdelen,"2005 - 2006, 2007 - 2008, 2011 - 2012, 2013 - 2014, 2014 - 2015",Examen Religie Reconstructie Jan2023; Examen Rzl 19 06 2024; Examenvragen Religie (herexamen)
A04D5A,Religions,Oefenzittingen,Oefenzittingen,2,0.19,Ma - Algemeen vormende onderdelen,2025 - 2026,Voorbeeldvragen Rzl Ingenieurswetenschappen 2026 Oplossingen (frederik T); Voorbeeldvragen Rzl Ingenieurswetenschappen 2026
A04D5A,Religions,Samenvattingen,Samenvattingen,19,29.81,Ma - Algemeen vormende onderdelen,"2004 - 2005, 2009 - 2010, 2010 - 2011, 2015 - 2016, 2018 - 2019",Samenvatting Religie (lukasvandenbroeck); Samenvatting 2023 Willem De Brandt; Kunstige Samenvatting Rzl (xan Decoutere)
A04D5A,Religions,Samenvattingen,Overig / Other,11,14.98,"Ma - Algemeen vormende onderdelen, Ma - Mobility and Supply Chain Engineering","2014 - 2015, 2015 - 2016, 2022 - 2023, 2023 - 2024, 2025 - 2026",Overview 2023 Silke Van Poeyer; Extra Youti ( Idid & Nova) Marion Cardous 2023; Nova Idid Tizi
A04D5A,Religions,Samenvattingen,Slides / Lesmateriaal,9,63.21,Ma - Mobility and Supply Chain Engineering,2022 - 2023,Les 1; Les 2; Les 3
A08C4A,Perspectives on Religion and Meaning,Samenvattingen,Slides / Lesmateriaal,7,9.13,Ma - Algemeen vormende onderdelen,2010 - 2011,A08c4a Hoofdstuk 0 Inleiding (2011); A08c4a Hoofdstuk 1 (2011); A08c4a Hoofdstuk 2 (2011)
BETON1,Beton1 YoanaVanWalle.docx,Samenvattingen,Overig / Other,1,18.17,Ba - Architectuur,2025 - 2026,Beton1 Yoanavanwalle
BOOKFI,"[Michael_Affenzeller,_Stephan_Winkler,_Stefan_Wagn(BookFi.org).pdf",Samenvattingen,Overig / Other,1,5.26,Ma - Biomedical Engineering,2017 - 2018,"[michael Affenzeller, Stephan Winkler, Stefan Wagn(bookfi Org)"
C00M0A,Intellectual Property Management,Examens,Examens,2,15.78,Ma - Mobility and Supply Chain Engineering,2022 - 2023,Voorbeeldexamen Juni 2022; Vragencollege Voorbereiding Examen
C00M0A,Intellectual Property Management,Samenvattingen,Overig / Other,2,21.11,Ma - Mobility and Supply Chain Engineering,2022 - 2023,Begrippen 2023 Silke Van Poeyer; Overview 2023 Silke Van Poeyer
C00M0A,Intellectual Property Management,Samenvattingen,Slides / Lesmateriaal,11,80.34,Ma - Mobility and Supply Chain Engineering,2022 - 2023,1 Inleiding Tot Het Recht; 2 Vrijheid Van Mededingen & 3 1 Ier Algemeen; 3 2 Auteursrecht
C00M1A,Construction Law,Examens,Examens,4,0.3,Ma - Civil Engineering,"2017 - 2018, 2018 - 2019",Examenvragen En Oplossingen 2018 2019 Arthur Rohaert; Bouwrecht Examenvragen Dit Jaar; Examen Bouwrecht 2013
C00M1A,Construction Law,Oefenzittingen,Oefenzittingen,39,12.45,Ma - Civil Engineering,2017 - 2018,Inleiding Tot Het Recht; Vraag 14 Af; Vraag 15 Af
C00M1A,Construction Law,Samenvattingen,Overig / Other,1,0.16,Ma - Architectuur,2022 - 2023,Begrippen Bouwrecht 2022 2023 Xan Decoutere
C00M1A,Construction Law,Samenvattingen,Samenvattingen,1,0.57,Ma - Architectuur,2020 - 2021,Samenvatting Bouwrecht Januari 2021
D0H36A,Innovation Management and Strategy,Samenvattingen,Samenvattingen,2,2.96,Ma - Biomedical Engineering,"2017 - 2018, 2018 - 2019",Key Notes On Management And Strategy; Samenvatting Volledig
D0H36A,Innovation Management and Strategy,Samenvattingen,Overig / Other,3,0.77,Ma - Biomedical Engineering,2017 - 2018,Reader Strategie Sv; Reader Deel1 Karenmarkey; Reader Deel2 Karenmarkey
D0I62A,Principles of Database Management,Oefenzittingen,Oefenzittingen,2,0.62,Ma - Biomedical Engineering,2022 - 2023,Assignment Pdbm Example; Pdbm Assignment 2022 2023 (2)
D0I69A,ICT Service Management,Samenvattingen,Overig / Other,2,5.34,"Ma - Algemeen vormende onderdelen, Ma - Biomedical Engineering",2021 - 2022,Ict Service Management Joris Guldentops; Ict Service Management Review Questions
D0I69A,ICT Service Management,Samenvattingen,Samenvattingen,1,6.89,Ma - Algemeen vormende onderdelen,2021 - 2022,Ict Service Management Samenvatting
D0I69A,ICT Service Management,Samenvattingen,Slides / Lesmateriaal,20,45.33,Ma - Algemeen vormende onderdelen,2021 - 2022,Exercises Lecture 1 Chapter 2 And 3; Exercises Lecture 1 Solutions; Exercises Lecture 2 Chapter 13
D0M14A,Marketing,Examens,Examens,10,14.68,"Ba - Bedrijfsbeheer, Ma - Algemeen vormende onderdelen, Ma - Mechanical Engineering","2006 - 2007, 2015 - 2016, 2017 - 2018, 2023 - 2024",Marketing Examenvragen (1e Bach Tew); Marketing Examenvragen Oplossingen (1e Bach Tew); Voorbeeldexamen (2007)
D0M14A,Marketing,Oefenzittingen,Oefenzittingen,2,0.04,"Ma - Algemeen vormende onderdelen, Ma - Mechanical Engineering",2012 - 2013,Vragen Marketing Tussentoets 2012 2013; Vragen Marketing Tussentoets 2012 2013
D0M14A,Marketing,Samenvattingen,Samenvattingen,8,94.34,"Ba - Bedrijfsbeheer, Ma - Algemeen vormende onderdelen, Ma - Mechanical Engineering","2017 - 2018, 2019 - 2020, 2021 - 2022",Cursushandleiding Marketing Hir; Inleiding Tot De Marketing (samenvatting); Marketing Samenvatting
D0M14A,Marketing,Samenvattingen,Overig / Other,13,6.94,"Ba - Bedrijfsbeheer, Ma - Algemeen vormende onderdelen, Ma - Mechanical Engineering","2008 - 2009, 2014 - 2015, 2017 - 2018",Marketing2013 Hoofdstuk 1; Marketing 2012 Compleet; Ims 4 Schumpeter And The Revival Of Evolutionary Economics2 (1)
D0M14A,Marketing,Samenvattingen,Slides / Lesmateriaal,2,60.95,Ba - Bedrijfsbeheer,2021 - 2022,Slides Bvl; Slides Duflou
D0M15A,Decision Making,Examens,Examens,4,3.11,"Ba - Bedrijfsbeheer, Ma - Mobility and Supply Chain Engineering","2013 - 2014, 2025 - 2026",Examenvragen; Examen 8 Januari 2026; Examenvragen
D0M15A,Decision Making,Oefenzittingen,Oefenzittingen,48,15.41,"Ba - Bedrijfsbeheer, Ma - Mobility and Supply Chain Engineering","2013 - 2014, 2018 - 2019, 2021 - 2022, 2025 - 2026",Exercise Session 6 Solutions; Exercise Session 7 Solutions; Exercise Session 8 Solutions
D0M15A,Decision Making,Samenvattingen,Samenvattingen,5,57.84,"Ba - Bedrijfsbeheer, Ma - Mobility and Supply Chain Engineering","2020 - 2021, 2021 - 2022",Samenvatting Ddm (silke Van Poeyer); Samenvatting Sdm (silke Van Poeyer); Overzicht Decision Making (winston) Kevin Vandeputte
D0M15A,Decision Making,Samenvattingen,Slides / Lesmateriaal,26,7.26,"Ba - Bedrijfsbeheer, Ma - Mobility and Supply Chain Engineering",2013 - 2014,Hoofdstuk 1 En 3 Inleiding (45p); Hoofdstuk 17 Markovketens (19p); Hoofdstuk 18 Deterministisch Dynamisch Programmeren (26p)
D0M18A,Human resource management,Examens,Examens,7,2.81,Ba - Bedrijfsbeheer,"2019 - 2020, 2020 - 2021, 2021 - 2022",Examen Hrm Juni 2022 Tew; Examen Human Resource Management 2021; Examen Human Resource Management Juni 2022
D0M18A,Human resource management,Samenvattingen,Slides / Lesmateriaal,1,28.54,Ba - Bedrijfsbeheer,2021 - 2022,Slides Hrm
D0M18A,Human resource management,Samenvattingen,Samenvattingen,5,18.83,Ba - Bedrijfsbeheer,"2019 - 2020, 2021 - 2022, 2022 - 2023, 2024 - 2025",Hrm Kort Overzicht Kevin Vandeputte; Samenvatting Hrm (2025 Emiel Eyckens); Samenvatting Hrm Karl Polak
D0R18A,Project Management and Scheduling,Examens,Examens,3,1.47,Ma - Mobility and Supply Chain Engineering,"2012 - 2013, 2019 - 2020, 2020 - 2021",Exam 2013; Exam 2020; Exam 2021
D0R18A,Project Management and Scheduling,Oefenzittingen,Verslagen & Projecten,23,202.31,Ma - Mobility and Supply Chain Engineering,"2021 - 2022, 2022 - 2023","Pmas Overview (abbreviations, Definitions) Silke Van Poeyer; Pmas Summary Silke Van Poeyer; Pmas Session 1"
D0S92A,Operations Strategy in Manufacturing and Services,Examens,Examens,2,1.02,Ma - Mobility and Supply Chain Engineering,"2013 - 2014, 2016 - 2017",Exam 2014; Exam 2017
D0S92A,Operations Strategy in Manufacturing and Services,Oefenzittingen,Oefenzittingen,7,0.52,Ma - Mobility and Supply Chain Engineering,2022 - 2023,1 Swiss Watch Industry; 2 Strategy Under Uncertainty; 3 Timing Of It Expansions
D0S92A,Operations Strategy in Manufacturing and Services,Samenvattingen,Overig / Other,1,0.14,Ma - Mobility and Supply Chain Engineering,2022 - 2023,Osms Overview 2022 2023 Silke Van Poeyer
D0S92A,Operations Strategy in Manufacturing and Services,Samenvattingen,Samenvattingen,1,33.13,Ma - Mobility and Supply Chain Engineering,2022 - 2023,Osms Summary 2022 2023 Silke Van Poeyer
D0S92A,Operations Strategy in Manufacturing and Services,Samenvattingen,Slides / Lesmateriaal,11,153.21,Ma - Mobility and Supply Chain Engineering,2022 - 2023,0 Dea; 1 Concepts And Frameworks; 2 Swiss Watch Discussion
D0S99A,Applied Optimization,Oefenzittingen,Oefenzittingen,6,0.89,Ma - Mobility and Supply Chain Engineering,2022 - 2023,Davari 1; Davari 2; Davari 4
D0S99A,Applied Optimization,Samenvattingen,Overig / Other,2,0.5,Ma - Mobility and Supply Chain Engineering,2022 - 2023,Overview Models Luca Roba; Overview: Abbreviations & Definitions (no Davari) Silke Van Poeyer
D0S99A,Applied Optimization,Samenvattingen,Samenvattingen,1,17.81,Ma - Mobility and Supply Chain Engineering,2022 - 2023,Summary (no Davari) Silke Van Poeyer
D0S99A,Applied Optimization,Samenvattingen,Slides / Lesmateriaal,11,96.87,Ma - Mobility and Supply Chain Engineering,2022 - 2023,Davari 1 Layout Problem; Davari 2&3 Gate Assignment; Davari 4 Scheduling With Inventory
DENTAL,"Comparative Analysis of Microstructure, Hardness, and Fracture Toughness in Commercially Available Dental Ceramics presentation.pdf",Samenvattingen,Overig / Other,2,3.9,Ma - Materials Engineering,2025 - 2026,"Comparative Analysis Of Microstructure, Hardness, And Fracture Toughness In Commercially Available Dental Ceramics Presentation; Comparative Analysis Of Microstructure, Hardness, And Fracture Toughness In Commercially Available Dental Ceramics 1 2"
G0B01A,Intellectual Property Management,Examens,Examens,7,6.56,"Ma - Algemeen vormende onderdelen, Ma - Biomedical Engineering, Ma - Mechanical Engineering","2020 - 2021, 2022 - 2023",Exam Questions Answered Intellectual Property Management Dennis Jouhannet; Ipm Examen 24 Juni 2023; Ipm Examen 6 Juni 2023
G0B01A,Intellectual Property Management,Oefenzittingen,Oefenzittingen,4,1.09,"Ma - Algemeen vormende onderdelen, Ma - Mechanical Engineering","2018 - 2019, 2019 - 2020",Typevragen 2019; Typevragen 2020; Typevragen 2019
G0B01A,Intellectual Property Management,Samenvattingen,Overig / Other,7,43.21,"Ma - Algemeen vormende onderdelen, Ma - Mechanical Engineering","2022 - 2023, 2023 - 2024, 2025 - 2026",Begrippen 2023 Silke Van Poeyer; Overview 2023 Silke Van Poeyer; 2023 Begrippen Silke Van Poeyer
G0B01A,Intellectual Property Management,Samenvattingen,Samenvattingen,1,21.19,Ma - Algemeen vormende onderdelen,2023 - 2024,Samenvatting Rechtintellectueleeigendom (lukasvandenbroeck)
G0B01A,Intellectual Property Management,Samenvattingen,Slides / Lesmateriaal,11,80.34,Ma - Algemeen vormende onderdelen,2022 - 2023,1 Inleiding Tot Het Recht; 2 Vrijheid Van Mededingen & 3 1 Ier Algemeen; 3 2 Auteursrecht
G0G71A,Physical Chemistry of Biological Systems,Samenvattingen,Samenvattingen,1,0.02,"Ma - Nanoscience, -technology and -engineering",2022 - 2023,Summary
G0K32A,Requirements Engineering for Complex Software Systems,Samenvattingen,Overig / Other,22,9.24,Ma - Computer Science,"2019 - 2020, 2021 - 2022",Ocl Externe Course; Benaouda Szabo Vanleuven Versavel; Claes Tona
G0K32A,Requirements Engineering for Complex Software Systems,Samenvattingen,Slides / Lesmateriaal,10,53.66,Ma - Computer Science,"2019 - 2020, 2021 - 2022",Ocl Externe Slides; Introduction(1); Ocl(1)
G0P08C,Topografie,Samenvattingen,Overig / Other,1,0.28,Ba - Bouwkunde,2017 - 2018,Hoofdstuk Opmetingsmethodes Landmeetkundecompthuis
G0P08C,Topografie,Samenvattingen,Slides / Lesmateriaal,2,5.26,Ba - Bouwkunde,2017 - 2018,Presentatie De Theodoliet2011 [compatibiliteitsmodus]; Presentatie Meten Van Hoeken [compatibiliteitsmodus]
G0Q35A,Besturingssystemen,Examens,Examens,6,2.65,Ba - Computerwetenschappen,"2017 - 2018, 2018 - 2019, 2021 - 2022, 2023 - 2024, 2024 - 2025",Besturingssystemen Examenvragen; Corona Modeloplossing Examenoef2022; Examenvragen 2019 Md
G0Q35A,Besturingssystemen,Oefenzittingen,Oefenzittingen,10,0.82,Ba - Computerwetenschappen,2017 - 2018,Session1; Session2; Sol Os2
G0Q35A,Besturingssystemen,Samenvattingen,Samenvattingen,14,64.93,Ba - Computerwetenschappen,"2017 - 2018, 2021 - 2022, 2023 - 2024, 2024 - 2025, 2025 - 2026",Os Flashcards; Belangrijke Woordjes Operating Systems Alexander Dubois; Cs 111 Summaries(heeft Niet Alle Leerstof Maar Is Wel Goed)
G0Q35A,Besturingssystemen,Samenvattingen,Overig / Other,10,1.66,Ba - Computerwetenschappen,"2017 - 2018, 2024 - 2025",Concurrent Accounts; Concurrent Queues; Mprotect
G0Q35A,Besturingssystemen,Samenvattingen,Slides / Lesmateriaal,21,45.2,Ba - Computerwetenschappen,2017 - 2018,Ch01; Ch02; Ch03
G0Q43A,Computernetwerken,Examens,Examens,11,10.22,Ba - Computerwetenschappen,"2012 - 2013, 2015 - 2016, 2018 - 2019, 2021 - 2022, 2022 - 2023",Cn Examquestions Bank (golfperson); Cn Openboekvragen; Exam Computer Networks 13 06 2022
G0Q43A,Computernetwerken,Oefenzittingen,Oefenzittingen,24,7.65,Ba - Computerwetenschappen,"2012 - 2013, 2013 - 2014, 2024 - 2025, 2025 - 2026",Ns Simulator For Beginners Searchable; Internet Lab Test 2025; Labtest 20 03 2026
G0Q43A,Computernetwerken,Oefenzittingen,Labo & Code,9,0.02,Ba - Computerwetenschappen,2012 - 2013,Chatserver; Chatservermain; Clientconnection
G0Q43A,Computernetwerken,Samenvattingen,Overig / Other,8,30.97,Ba - Computerwetenschappen,"2012 - 2013, 2013 - 2014, 2019 - 2020, 2020 - 2021, 2022 - 2023",10mb; Cn Abbreviations (ryan De Koninck); Cn Termen Md
G0Q43A,Computernetwerken,Samenvattingen,Samenvattingen,5,54.95,Ba - Computerwetenschappen,"2017 - 2018, 2021 - 2022, 2023 - 2024, 2024 - 2025",Cn Samenvatting Ellenanthonissen; Computer Networks Studentencursus Jasper Visterin; Computernetworks All You Need To Know Hadriennobels
G0Q43A,Computernetwerken,Samenvattingen,Slides / Lesmateriaal,70,407.34,Ba - Computerwetenschappen,"2012 - 2013, 2013 - 2014, 2014 - 2015, 2015 - 2016, 2018 - 2019",Alle Slides Cn 2022; 0 2013 Contents; All Slides 2013 Enkel
G0U12B,Historical and Social Aspects of Physics,Samenvattingen,Slides / Lesmateriaal,1,2.06,"Ma - Nanoscience, -technology and -engineering",2022 - 2023,Historical Lecture Notes Senne Vervoort
G0U12B,Historical and Social Aspects of Physics,Samenvattingen,Samenvattingen,1,2.17,"Ma - Nanoscience, -technology and -engineering",2025 - 2026,History Notes
G9X25A,Molecular Photonics,Samenvattingen,Overig / Other,3,6.54,"Ma - Nanoscience, -technology and -engineering",2022 - 2023,L06; L08; Molecular Photonics
G9X25A,Molecular Photonics,Samenvattingen,Slides / Lesmateriaal,11,138.46,"Ma - Nanoscience, -technology and -engineering",2022 - 2023,Recording L02a; Recording L02b; Recording L02c
GLOBAL,Global and environmental politics,Samenvattingen,Slides / Lesmateriaal,1,37.21,Ma - Energy,2019 - 2020,Slides 2019 2020
H00B4A,Materials Modelling for Forming Process Simulations,Oefenzittingen,Verslagen & Projecten,1,0.46,Ma - Materials Engineering,2023 - 2024,January 2024
H00B4A,Materials Modelling for Forming Process Simulations,Oefenzittingen,Oefenzittingen,9,2.67,Ma - Materials Engineering,2023 - 2024,Mm Chapter 3 Exercise 1 With Solution(1) 2; Mm Chapter 3 Exercise 1(2) 2; Mm Chapter 3 Exercise 2(2) 2
H00B4A,Materials Modelling for Forming Process Simulations,Samenvattingen,Samenvattingen,1,0.76,Ma - Materials Engineering,2023 - 2024,Mm Formulas 2324
H00D3A,Advanced Metal Processing & Case Studies,Examens,Examens,2,44.98,Ma - Materials Engineering,2022 - 2023,Exam Questions Part 2 Marion Cardous; Exam Questions
H00D3A,Advanced Metal Processing & Case Studies,Oefenzittingen,Oefenzittingen,1,12.62,Ma - Materials Engineering,2022 - 2023,Exercises Part 1 Marion Cardous
H00D3A,Advanced Metal Processing & Case Studies,Samenvattingen,Overig / Other,11,10.06,Ma - Materials Engineering,"2022 - 2023, 2025 - 2026",Bijlage Amp; Commonly Arising Textures And Their Appearance In Pole Figures; Ipfs
H00D5B,Ceramics and Powder Metallurgy,Examens,Examens,1,36.71,Ma - Materials Engineering,2022 - 2023,Oud Examenvragen Ceramics Marion Cardous
H00D5B,Ceramics and Powder Metallurgy,Oefenzittingen,Oefenzittingen,1,0.95,Ma - Materials Engineering,2022 - 2023,Exercises & Solutions 2023
H00D5B,Ceramics and Powder Metallurgy,Samenvattingen,Samenvattingen,5,11.77,Ma - Materials Engineering,"2023 - 2024, 2024 - 2025, 2025 - 2026",Ceramics And Powder Metallurgy Summary; Keramische Materialen; Methods For Making Different Starting Powders
H00K1A,Engineering Economy,Examens,Examens,2,3.61,"Ma - Mobility and Supply Chain Engineering, Schakel - Werktuigkunde","2019 - 2020, 2022 - 2023",Ee Theorie Examenvragen; Ee Previous Theoretical Exam Questions (7th Edition)
H00K1A,Engineering Economy,Oefenzittingen,Oefenzittingen,7,25.56,"Ma - Mechanical Engineering, Ma - Mobility and Supply Chain Engineering, Schakel - Werktuigkunde","2017 - 2018, 2018 - 2019, 2022 - 2023","Engineering Economy Leland Blank, Anthony Tarquin 7ed Instructor S Solution Manual; Engineering Economy Exercise Sessions Lars Wouters; Instructor's Solution Manual"
H00K1A,Engineering Economy,Samenvattingen,Slides / Lesmateriaal,2,74.25,"Ma - Mechanical Engineering, Schakel - Werktuigkunde","2018 - 2019, 2022 - 2023",Engineeringeconomy Slides Wr; Engineering Economy Slides 2022 2023
H00K1A,Engineering Economy,Samenvattingen,Samenvattingen,4,12.45,"Ma - Mechanical Engineering, Schakel - Werktuigkunde","2018 - 2019, 2022 - 2023",Engineering Economy Wr Uitgetypt; Engineering Economy Wr; Samenvatting (wim Van Roy)
H00K1A,Engineering Economy,Samenvattingen,Overig / Other,3,16.7,"Ma - Mechanical Engineering, Ma - Mobility and Supply Chain Engineering","2017 - 2018, 2022 - 2023, 2023 - 2024","Engineering Economy, 7th Ed; Engineering Economy Mcq 7th Edition; Ee Overview (abbreviations, Formulas, Definitions) 2022 2023 Silke Van Poeyer"
H00M8B,Intelligent Transportation Systems,Examens,Examens,3,1.37,Ma - Mobility and Supply Chain Engineering,"2020 - 2021, 2021 - 2022, 2022 - 2023",Exam 2021 Tibor Barabas; Exam Questions Stijn Tonnelier; Exam Questions Tibor Barabas
H00M8B,Intelligent Transportation Systems,Samenvattingen,Samenvattingen,1,19.23,Ma - Mobility and Supply Chain Engineering,2020 - 2021,Summary 2021 Stijn Tonnelier
H00M8B,Intelligent Transportation Systems,Samenvattingen,Slides / Lesmateriaal,14,125.38,Ma - Mobility and Supply Chain Engineering,2022 - 2023,1 Its Introduction; 3 Detector Data To Traffic State Information; 4a Traffic Management And Control
H00N6A,Total Quality Management,Samenvattingen,Samenvattingen,16,23.72,Schakel - Werktuigkunde,2018 - 2019,Wp 20150529 001; Wp 20150529 002; Wp 20150529 003
H00P3A,Smart Distribution Systems,Examens,Examens,2,16.95,Ma - Energy,"2013 - 2014, 2015 - 2016",Answers Old Exam Questions; Jorn Answers Old Exam Questions
H00P3A,Smart Distribution Systems,Oefenzittingen,Verslagen & Projecten,2,1.3,Ma - Energy,2019 - 2020,Report Energyville Labsession; Report Neural Network To Forecast Electricity Price
H00P3A,Smart Distribution Systems,Samenvattingen,Overig / Other,23,1049.03,Ma - Energy,"2011 - 2012, 2013 - 2014, 2015 - 2016, 2019 - 2020, 2025 - 2026","Sgam (2025 2026, Ief); Smart Distribution 1 1; Smart Distribution 1 2"
H00P3A,Smart Distribution Systems,Samenvattingen,Samenvattingen,1,5.7,Ma - Energy,1999 - 2000,Smart Distribution Systems Md
H00P3A,Smart Distribution Systems,Samenvattingen,Slides / Lesmateriaal,3,2.69,Ma - Energy,2015 - 2016,Extra Slide 1; Extra Slide 2; Extra Slide 3
H00S5A,Next Generation Biomaterials,Examens,Examens,1,0.29,Ma - Materials Engineering,2025 - 2026,Next Generation Biomaterials Exam Questions
H00S5A,Next Generation Biomaterials,Samenvattingen,Overig / Other,2,4.24,Ma - Materials Engineering,2025 - 2026,Overview Part 1 Annelien Eyskens; Next Generation Biomaterials Text For The Presentation
H00S5A,Next Generation Biomaterials,Samenvattingen,Slides / Lesmateriaal,1,4.46,Ma - Materials Engineering,2024 - 2025,3d Bioprinting Of Mesenchymal Stem Cells With Osteoinductive Alginate–bmp 2–plga Bioink For Bone Tissue Engineering Ngb Elisabeth Isebaert 2025
H01A0A,Ingenieur en bouwkunst,Samenvattingen,Overig / Other,2,3.44,Ma - Civil Engineering,"2018 - 2019, 2021 - 2022",Ingenieur & Bouwkunst Neyrinck Oscar; Tiny Houses Arthur Rohaert
H01A0B,"Analyse, deel 1",Examens,Examens,66,35.27,"Ba - Algemene gemeenschappelijke basis, Ba - Architectuur","2010 - 2011, 2011 - 2012, 2017 - 2018, 2018 - 2019",Examenoefeningen In De Oefbundel; Examen 2019 01 28 Blanco; Examen 2019 01 28 Oplossing
H01A0B,"Analyse, deel 1",Oefenzittingen,Oefenzittingen,122,156.08,"Ba - Algemene gemeenschappelijke basis, Ba - Architectuur","2009 - 2010, 2011 - 2012, 2014 - 2015, 2016 - 2017, 2017 - 2018",Oefeningen Analyse1 (lukasvandenbroeck); Theorievragen Analyse 1; Handleiding Oefeningen 2016 2017 (tibo Geenen)
H01A0B,"Analyse, deel 1",Samenvattingen,Overig / Other,4,1.54,"Ba - Algemene gemeenschappelijke basis, Ba - Architectuur","2017 - 2018, 2018 - 2019, 2020 - 2021",Studiewijzer Analyse I 2020 2021; Analyseoef4; Gids Voor Eerstejaars 2020 2021 (jasper Vis)
H01A0B,"Analyse, deel 1",Samenvattingen,Samenvattingen,17,155.48,"Ba - Algemene gemeenschappelijke basis, Ba - Architectuur","2009 - 2010, 2016 - 2017, 2017 - 2018, 2021 - 2022, 2023 - 2024",Nuttige Taylorveeltermen (riet Van Puyenbroeck); Samenvatting & Formules 2016 2017 (arthur Stockman); Samenvatting 2009 2010 (laurens De Poorter)
H01A0B,"Analyse, deel 1",Samenvattingen,Slides / Lesmateriaal,9,1.35,Ba - Algemene gemeenschappelijke basis,2011 - 2012,Limiet; Oefz1; Oefz2
H01A0B,"Analyse, deel 1",TTT's,TTT's,21,3.85,Ba - Algemene gemeenschappelijke basis,"2005 - 2006, 2006 - 2007, 2007 - 2008, 2008 - 2009, 2009 - 2010",Ttt 2006 Opgaven; Ttt 2006 Oplossing; Ttt 2007 Opgaven
H01A2B,"Analyse, deel 2",Examens,Examens,65,47.61,Ba - Algemene gemeenschappelijke basis,"2011 - 2012, 2012 - 2013, 2017 - 2018, 2018 - 2019, 2019 - 2020","Gevraagde Theorie; Matlab Examen Analyse (tot 2026, Sverre Van Mullem, Ai); Schriftelijk Examen Analyse (tot 2026, Sverre Van Mullem, Ai)"
H01A2B,"Analyse, deel 2",Oefenzittingen,Oefenzittingen,138,215.14,"Ba - Algemene gemeenschappelijke basis, Ba - Architectuur","2009 - 2010, 2010 - 2011, 2011 - 2012, 2012 - 2013, 2016 - 2017",Oplossing Oefening 7 3; Oplossing Oefening 7 4; Oplossing Oefenzitting 1
H01A2B,"Analyse, deel 2",Samenvattingen,Samenvattingen,30,310.23,"Ba - Algemene gemeenschappelijke basis, Ba - Architectuur","2010 - 2011, 2011 - 2012, 2015 - 2016, 2016 - 2017, 2018 - 2019","Alle Bewijzen (hanna Leysen, 2024 2025); Analytisch Rekenen Samenvatting; Bewijzen Analyse 2"
H01A4A,Natuurkunde 1 (prof Indekeu,Examens,Examens,5,11.78,Ba - Architectuur,"2013 - 2014, 2019 - 2020, 2020 - 2021",Examenvragenenoplossingen2013 2014; Oefenzittingen Aanvullingen Natuurkunde 2019 2020 (1); Oplossing Van De Theorievraag Over Dauwpunt
H01A4A,Natuurkunde 1 (prof Indekeu,Oefenzittingen,Oefenzittingen,14,111.23,Ba - Architectuur,"2019 - 2020, 2020 - 2021",Aanvullingen Natuurkunde Bachelor Architectuur Oefenreeks 1(4); Aanvullingen Natuurkunde Bachelor Architectuur Oefenreeks 2(3); Aanvullingen Natuurkunde Bachelor Architectuur Oefenreeks 3(1)
H01A4A,Natuurkunde 1 (prof Indekeu,Samenvattingen,Overig / Other,7,116.01,Ba - Architectuur,"2016 - 2017, 2017 - 2018, 2020 - 2021, 2025 - 2026",12 06 2017 Namiddag; Ex 2bach Bar 12 6 09 Nm; Navier Stokes 2017
H01A4A,Natuurkunde 1 (prof Indekeu,Samenvattingen,Samenvattingen,15,211.47,Ba - Architectuur,"2019 - 2020, 2020 - 2021",Handboek; Aanvullende Natuurkunde; Aanvullingen Natuurkunde Deel 2
H01A4B,Toegepaste algebra,Examens,Examens,47,45.37,Ba - Algemene gemeenschappelijke basis,"2002 - 2003, 2006 - 2007, 2007 - 2008, 2008 - 2009, 2009 - 2010",Examen 2006 02 03 Oplossing Vraag 1; Examen 2006 02 03 Oplossing Vraag 2; Examen 2006 02 03 Oplossing Vraag 3
H01A4B,Toegepaste algebra,Oefenzittingen,Oefenzittingen,16,77.4,Ba - Algemene gemeenschappelijke basis,"2010 - 2011, 2011 - 2012, 2020 - 2021, 2021 - 2022, 2023 - 2024",2020 2021 Oplossingen Oefenzittingen; Algebra Matlaboefenzitting 1 En 2; Oplossing Oef 6 3 (daniël Slenders)
H01A4B,Toegepaste algebra,Samenvattingen,Overig / Other,5,4.16,Ba - Algemene gemeenschappelijke basis,"2011 - 2012, 2024 - 2025",Svd History; Svd Siam Blockbuster; Voorbeeld Swo Van 2x2 Matrix
H01A4B,Toegepaste algebra,Samenvattingen,Samenvattingen,106,536.46,Ba - Algemene gemeenschappelijke basis,"2009 - 2010, 2011 - 2012, 2015 - 2016, 2016 - 2017, 2019 - 2020",Algebra Samenvatting 24 25; Algebra Samenvatting Systemen; Algebra Synthese (aurian Baudhuin)
H01A8A,Algemene en technische scheikunde,Examens,Examens,28,17.27,"Ba - Algemene gemeenschappelijke basis, Ba - Architectuur","2009 - 2010, 2010 - 2011, 2011 - 2012, 2014 - 2015, 2016 - 2017",Examenvragen Chemie; Examenvragen Chemie; Oplossing Examenvraag P38 B
H01A8A,Algemene en technische scheikunde,Oefenzittingen,Oefenzittingen,131,195.78,"Ba - Algemene gemeenschappelijke basis, Ba - Architectuur","2009 - 2010, 2010 - 2011, 2011 - 2012, 2016 - 2017, 2018 - 2019",Oefeningen Scheikunde; Wp 20150813 001; Wp 20150813 002
H01A8A,Algemene en technische scheikunde,Samenvattingen,Samenvattingen,112,760.02,"Ba - Algemene gemeenschappelijke basis, Ba - Architectuur","2005 - 2006, 2009 - 2010, 2010 - 2011, 2015 - 2016, 2016 - 2017",Scheikunde Xandecoutere; Oplosbaar Of Niet Flashcards Ajaze; Algemeen Technische Scheikunde 2324 Processen Op Quizlet Renske Verpoorten
H01A8A,Algemene en technische scheikunde,Samenvattingen,Overig / Other,18,9.01,Ba - Algemene gemeenschappelijke basis,"2010 - 2011, 2011 - 2012, 2020 - 2021, 2023 - 2024",Formules Scheikunde; Boek 3 P70; Luchtoverschot
H01A8A,Algemene en technische scheikunde,Samenvattingen,Slides / Lesmateriaal,22,120.05,Ba - Algemene gemeenschappelijke basis,"2010 - 2011, 2011 - 2012, 2021 - 2022, 2023 - 2024",Te Kennen Lijsten En Slides Met Fluo (ats) (aurian Baudhuin); Seminarie 1 Nick Hosewol; Seminarie 10 Nick Hosewol
H01A8A,Algemene en technische scheikunde,TTT's,TTT's,37,22.63,Ba - Algemene gemeenschappelijke basis,"2010 - 2011, 2011 - 2012, 2012 - 2013, 2013 - 2014, 2014 - 2015",Ttt 2010 Oefeningen (opgave); Ttt 2010 Oefeningen (oplossing); Ttt 2010 Theorie (opgave)
H01B0B,Toegepaste mechanica 1,Examens,Examens,74,158.86,"Ba - Algemene gemeenschappelijke basis, Ba - Architectuur, Schakel - Werktuigkunde","2003 - 2004, 2005 - 2006, 2007 - 2008, 2008 - 2009, 2009 - 2010",9januari2015; Examen 2004 Januari + Oplossing; Examen 2006 Januari
H01B0B,Toegepaste mechanica 1,Oefenzittingen,Oefenzittingen,290,790.57,"Ba - Algemene gemeenschappelijke basis, Ba - Architectuur, Schakel - Werktuigkunde","2009 - 2010, 2010 - 2011, 2011 - 2012, 2013 - 2014, 2014 - 2015",Mechanica Oefeningen Notities; 001; 002
H01B0B,Toegepaste mechanica 1,Samenvattingen,Samenvattingen,34,64.89,"Ba - Algemene gemeenschappelijke basis, Schakel - Werktuigkunde","2011 - 2012, 2016 - 2017, 2018 - 2019, 2019 - 2020, 2022 - 2023",Afleidingimpulsmomentvector; Mechanica Theorie Notities; Notas Jeroenbelis Mechanica
H01B0B,Toegepaste mechanica 1,Samenvattingen,Overig / Other,61,31.58,"Ba - Algemene gemeenschappelijke basis, Schakel - Werktuigkunde","2009 - 2010, 2017 - 2018, 2018 - 2019, 2020 - 2021, 2025 - 2026",Impulsmoment; Reeks 0 Kinematica I En Ii; Reeks 0 Samengestelde Beweging
H01B0B,Toegepaste mechanica 1,TTT's,TTT's,17,9.49,"Ba - Algemene gemeenschappelijke basis, Ba - Architectuur","2007 - 2008, 2008 - 2009, 2009 - 2010, 2010 - 2011, 2011 - 2012",Ttt 2009 Opgave; Ttt 2009 Oplossing; Ttt 2008 Opgave
H01B2B,Algemene natuurkunde,Examens,Examens,25,19.19,"Ba - Algemene gemeenschappelijke basis, Ba - Architectuur","2010 - 2011, 2011 - 2012, 2018 - 2019, 2019 - 2020, 2020 - 2021","Oefenzitting 8 Examenvragen(1); Oefenzitting 8 Examenvragen; Examenanalyse Natuurkunde (tot 2026, Sverre Van Mullem, Ai)"
H01B2B,Algemene natuurkunde,Oefenzittingen,Oefenzittingen,35,239.6,"Ba - Algemene gemeenschappelijke basis, Ba - Architectuur","2010 - 2011, 2013 - 2014, 2018 - 2019, 2019 - 2020, 2023 - 2024",Oefenzitting 1 Oplossingen; Oefenzitting 1(1); Oefenzitting 2 Oplossingen
H01B2B,Algemene natuurkunde,Samenvattingen,Samenvattingen,45,465.69,Ba - Algemene gemeenschappelijke basis,"2011 - 2012, 2014 - 2015, 2015 - 2016, 2016 - 2017, 2017 - 2018",Formularium 2012; Formularium1; Physics For Scientists And Engineers 4th Edition
H01B2B,Algemene natuurkunde,Samenvattingen,Overig / Other,19,200.49,"Ba - Algemene gemeenschappelijke basis, Ba - Materiaalkunde","2010 - 2011, 2011 - 2012, 2014 - 2015, 2021 - 2022",2010 Elektromagnetische Golven; Diff Vorm Maxwell Vgl; Elektrische Magnetische Dipool
H01B2B,Algemene natuurkunde,Samenvattingen,Slides / Lesmateriaal,17,61.25,Ba - Algemene gemeenschappelijke basis,"2010 - 2011, 2021 - 2022",Natuurkunde Slides Impo; H13 Fluïda; H14 Trillingen
H01B4B,Thermodynamica,Examens,Examens,13,75.31,Ba - Algemene gemeenschappelijke basis,"2010 - 2011, 2011 - 2012, 2017 - 2018, 2018 - 2019, 2019 - 2020",Thermo Oefeningen Examenvragen Jasper Vis 2020 2021(1); Examen Thermodynamica 2162019; Thermodynamica Examen 11 06 2019
H01B4B,Thermodynamica,Oefenzittingen,Oefenzittingen,15,237.46,Ba - Algemene gemeenschappelijke basis,"2007 - 2008, 2010 - 2011, 2011 - 2012, 2015 - 2016, 2016 - 2017",Thermo Oefeningen En Theorie Nota's; [2016 17] Tips Oefeningen 1ste En 2de Hw Tibo Geenen; Extra Oefeningen Thermodynamica Nick Hosewol
H01B4B,Thermodynamica,Samenvattingen,Overig / Other,2,18.25,"Ba - Algemene gemeenschappelijke basis, Ba - Architectuur","2010 - 2011, 2025 - 2026",Thermo Reversibele Kringprocessen; Yoana Thud
H01B4B,Thermodynamica,Samenvattingen,Slides / Lesmateriaal,14,383.34,"Ba - Algemene gemeenschappelijke basis, Ba - Architectuur","2010 - 2011, 2012 - 2013, 2017 - 2018, 2018 - 2019, 2020 - 2021",Thermo Theorie Slides; 21 G O A Architecten Woningevg 2012 2013; 22 Goa Architecten Rijhuis In Tervuren 2012 2013
H01B4B,Thermodynamica,Samenvattingen,Samenvattingen,39,243.31,"Ba - Algemene gemeenschappelijke basis, Ba - Architectuur","2011 - 2012, 2016 - 2017, 2018 - 2019, 2019 - 2020, 2020 - 2021",Hoofdstuk 1 En 2 Thermodynamica; Samenvatting 2016 2017 (kato Kenis); Samenvatting 2025 2026 (raphael Six)
H01B4B,Thermodynamica,TTT's,TTT's,1,0.03,Ba - Algemene gemeenschappelijke basis,2011 - 2012,Ttt 2011 Oplossing
H01B6B,Methodiek van de informatica,Examens,Examens,132,4.49,"Ba - Algemene gemeenschappelijke basis, Ba - Architectuur, Ma - Computer Science","2011 - 2012, 2013 - 2014, 2014 - 2015, 2015 - 2016, 2017 - 2018",Antwoorden Examenvragen; Examenvragen Informatica; Examenvragen Socs
H01B6B,Methodiek van de informatica,Oefenzittingen,Oefenzittingen,30,11.89,"Ba - Algemene gemeenschappelijke basis, Ba - Architectuur, Ma - Computer Science","2010 - 2011, 2011 - 2012, 2017 - 2018, 2018 - 2019, 2026 - 2027",Java Bluej Oplossingen; Oplossingen; Oplossingen Theorievragen Be 2017 2018
H01B6B,Methodiek van de informatica,Oefenzittingen,Labo & Code,274,5.96,"Ba - Algemene gemeenschappelijke basis, Ma - Computer Science","2010 - 2011, 2011 - 2012, 2015 - 2016, 2017 - 2018, 2018 - 2019",2 Agrigento; 5 Linesearch; 6 Dailyarea
H01B6B,Methodiek van de informatica,Samenvattingen,Overig / Other,18,3.16,"Ba - Algemene gemeenschappelijke basis, Ba - Architectuur, Ma - Computer Science","2011 - 2012, 2017 - 2018, 2021 - 2022, 2022 - 2023, 2023 - 2024",Stof Tot Nadenken; Zie Bach2 Elektro; Alleoefeningeninfromatica2022 2023
H01B6B,Methodiek van de informatica,Samenvattingen,Samenvattingen,41,13.46,"Ba - Algemene gemeenschappelijke basis, Ma - Computer Science","2011 - 2012, 2015 - 2016, 2017 - 2018, 2019 - 2020, 2024 - 2025",H1+2 Cursustekst; H8 Cursustekst; Schema Correctheidsbewijzen Ml
H01B6B,Methodiek van de informatica,Samenvattingen,Slides / Lesmateriaal,12,4.26,"Ba - Algemene gemeenschappelijke basis, Ma - Computer Science","2007 - 2008, 2011 - 2012, 2017 - 2018",Slides Dft; Slides Fourierreeks; Slides H3 Optimalisatie
H01B8A,Anki Flashcards Semester 4 WTK,Samenvattingen,Samenvattingen,1,47.84,Ba - Werktuigkunde,2022 - 2023,Anki Flashcards Semester 4 Wtk (jarne Van Geyseghem 2022 2023)
H01B9A,"Probleemoplossen en ontwerpen, deel 1a",Examens,Examens,4,12.42,Ba - Algemene gemeenschappelijke basis,"2018 - 2019, 2021 - 2022, 2023 - 2024",Examen 2021 11 24; Oplossingen 2024; Tb Examen 2019 Nick Hosewol
H01B9A,"Probleemoplossen en ontwerpen, deel 1a",Oefenzittingen,Verslagen & Projecten,59,133.9,Ba - Algemene gemeenschappelijke basis,"2010 - 2011, 2011 - 2012, 2018 - 2019, 2021 - 2022",Richtlijnen Voor Technisch Verslag; Verbeterblad Verslagen; Appendix 1 Isometrie
H01C2A,"Probleemoplossen en ontwerpen, deel 1b",Oefenzittingen,Verslagen & Projecten,1,1.69,Ba - Algemene gemeenschappelijke basis,2011 - 2012,Peno2 Werkboek V1 82
H01C2B,Bouwmaterialen: bindmiddelen,Examens,Examens,1,0.15,Ma - Civil Engineering,2017 - 2018,Opgeloste Examenvragen Binders
H01C2B,Bouwmaterialen: bindmiddelen,Oefenzittingen,Verslagen & Projecten,8,17.93,Ma - Civil Engineering,"2017 - 2018, 2019 - 2020",Report Binder And Durability; Presentation Batch 5 And 6; Report Batch 2 (opc)
H01C4C,Wijsbegeerte,Examens,Examens,8,5.89,Ba - Algemene gemeenschappelijke basis,"2010 - 2011, 2020 - 2021, 2022 - 2023, 2024 - 2025, 2025 - 2026",100 Generated Examenvragen; Examenvragen Wijsbegeerte Opgaven (2021); Examenvragen Wijsbegeerte Oplossingen (2021)
H01C4C,Wijsbegeerte,Oefenzittingen,Oefenzittingen,2,0.13,"Ba - Algemene gemeenschappelijke basis, Ba - Architectuur","2018 - 2019, 2024 - 2025",Vragen Wijsbegeerte Vtk; Idealehoeveelheidingevuldevragen
H01C4C,Wijsbegeerte,Samenvattingen,Samenvattingen,106,149.33,"Ba - Algemene gemeenschappelijke basis, Ba - Architectuur","2009 - 2010, 2010 - 2011, 2011 - 2012, 2013 - 2014, 2014 - 2015",'samenvatting' Tekst 1 Haus Wittgenstein Saradb; 'samenvatting' Tekst 2 Nietzsches Monument Saradb; Wijsbegeerte Samenvatting
H01C4C,Wijsbegeerte,Samenvattingen,Overig / Other,14,8.55,"Ba - Algemene gemeenschappelijke basis, Ba - Architectuur","2018 - 2019, 2020 - 2021, 2023 - 2024, 2025 - 2026",Anthony Vidler Poging Door Ml&fh; Tijdlijn; Wijsbegeerte Inhoudstafel
H01C4C,Wijsbegeerte,Samenvattingen,Slides / Lesmateriaal,1,0.45,Ba - Architectuur,2018 - 2019,Deel 2 (4dia's Pp)
H01C6A,Organische scheikunde,Examens,Examens,92,213.33,Ba - Algemene gemeenschappelijke basis,"2002 - 2003, 2005 - 2006, 2006 - 2007, 2007 - 2008, 2008 - 2009",Oplossingen (eline); Oplossingen 2012 2013 Verbeterd Door Assistent; Oplossingen 2015 2016 (kevin Zhang)
H01C6A,Organische scheikunde,Oefenzittingen,Oefenzittingen,168,82.8,Ba - Algemene gemeenschappelijke basis,"2006 - 2007, 2007 - 2008, 2010 - 2011, 2011 - 2012, 2012 - 2013","Oplossingsstrategie Oefeningen (laurens De Poorter, 8p); Oplnvragenoefenzitting3,4en5; Organische Scheikunde Vragen Oefenzitting 2"
H01C6A,Organische scheikunde,Samenvattingen,Samenvattingen,37,206.99,Ba - Algemene gemeenschappelijke basis,"2010 - 2011, 2011 - 2012, 2012 - 2013, 2014 - 2015, 2015 - 2016",Inleiding; [2017 18] Chaos Schema Reacties Tibo Geenen; [2017 18] Studentencursus Tibo Geenen
H01C6A,Organische scheikunde,Samenvattingen,Overig / Other,5,8.53,Ba - Algemene gemeenschappelijke basis,"2015 - 2016, 2017 - 2018, 2021 - 2022",Studiewijzer 2017 2018; Organischechemieexamen; Eline Zelftests
H01C6A,Organische scheikunde,Samenvattingen,Slides / Lesmateriaal,6,1.36,Ba - Algemene gemeenschappelijke basis,"2012 - 2013, 2014 - 2015",Stereochemie Samenvatting; Presentatie Deel1; Presentatie Deel2
H01C6B,Wegenbouw,Examens,Examens,5,4.99,Ma - Civil Engineering,"2019 - 2020, 2021 - 2022",25jun2020 Nm; 25jun2020 Vm; 5jun2020 Vm
H01C6B,Wegenbouw,Samenvattingen,Samenvattingen,40,53.05,"Ba - Bouwkunde, Ma - Civil Engineering","2010 - 2011, 2021 - 2022, 2023 - 2024, 2024 - 2025",Cursus Wegenbouwkunde Versie 2011 2012; Bridges Summary Janne Willems En Lily Vreven; Overview Most Important Bridges Lily Vreven
H01C8B,Toegepaste mechanica 2: dynamica en sterkteleer,Examens,Examens,27,88.34,"Ba - Algemene gemeenschappelijke basis, Ma - Civil Engineering","2002 - 2003, 2003 - 2004, 2004 - 2005, 2005 - 2006, 2007 - 2008",Examen Sterkteleer 2012 2013 (opl Eveline); Examenvragen; Examen 2018 01 16 (studenten)
H01C8B,Toegepaste mechanica 2: dynamica en sterkteleer,Oefenzittingen,Oefenzittingen,43,304.56,Ba - Algemene gemeenschappelijke basis,"2010 - 2011, 2011 - 2012, 2012 - 2013, 2013 - 2014, 2014 - 2015",Oefeningen Mechanica2 Sterkteleer (lukasvandenbroeck); Sterkteleer Alleoz Karolienpoppeliers; Sterkteleer Theorievragen (aurian Baudhuin)
H01C8B,Toegepaste mechanica 2: dynamica en sterkteleer,Samenvattingen,Samenvattingen,26,113.23,"Ba - Algemene gemeenschappelijke basis, Ma - Civil Engineering","2010 - 2011, 2011 - 2012, 2012 - 2013, 2016 - 2017, 2018 - 2019",Formularium Traagheidsmomenten; Formularium Sterkteleer 2020 2021; [2017 18] Theorie Sterkteleer Tibo Geenen Sophie Dupont
H01C8B,Toegepaste mechanica 2: dynamica en sterkteleer,Samenvattingen,Slides / Lesmateriaal,1,0.09,Ba - Algemene gemeenschappelijke basis,2014 - 2015,Diameter Bouten
H01D0A,oefeningen CVG,Oefenzittingen,Oefenzittingen,1,2.81,Ba - Architectuur,2023 - 2024,Oefcvg 2223 Verbelen Bram
H01D0B,Inleiding tot de materiaalkunde,Examens,Examens,46,26.86,"Ba - Algemene gemeenschappelijke basis, Ba - Architectuur","2010 - 2011, 2011 - 2012, 2012 - 2013, 2018 - 2019, 2019 - 2020",Examen 14 Juni 2021 Oplossingen; Examen 18 Augustus 2021 Meerkeuzevragen Zonder Oplossing; Examen 18 Augustus 2021 Oplossingen
H01D0B,Inleiding tot de materiaalkunde,Oefenzittingen,Oefenzittingen,31,122.39,"Ba - Algemene gemeenschappelijke basis, Ba - Architectuur","2010 - 2011, 2014 - 2015, 2015 - 2016, 2018 - 2019, 2020 - 2021",Oefeningen Breukmechanica Oplossingsmethode; Oefeningen Materiaalkunde (lukasvandenbroeck); Oefeningenbundel Materiaalkunde 2020 2021 Nick Hosewol
H01D0B,Inleiding tot de materiaalkunde,Samenvattingen,Samenvattingen,64,824.23,"Ba - Algemene gemeenschappelijke basis, Ba - Architectuur","2010 - 2011, 2011 - 2012, 2014 - 2015, 2015 - 2016, 2016 - 2017",Read Me; 8 Geleiders En Diëlektrische Materialen; 2015 Samenvatting Materiaalkunde Ellen
H01D0B,Inleiding tot de materiaalkunde,Samenvattingen,Slides / Lesmateriaal,68,164.36,"Ba - Algemene gemeenschappelijke basis, Ba - Architectuur","2010 - 2011, 2014 - 2015, 2015 - 2016, 2020 - 2021","Oefenzitting2 Inleidende Slides; Hst 1 Materialen, Materiaalkunde En Duurzaamheid; Hst 2 Opbouw Dichtheid En Elastisch Gedrag"
H01D0B,Inleiding tot de materiaalkunde,TTT's,TTT's,4,1.37,"Ba - Algemene gemeenschappelijke basis, Ba - Architectuur","2010 - 2011, 2011 - 2012",Ttt 2011; Ttt 2012; Ttt 2011
H01D2A,cvg 2,Examens,Examens,2,6.93,Ba - Architectuur,"2020 - 2021, 2023 - 2024",Examenvragen Oplossingen Pierre Stavart; Examenvragen Spreadsheets
H01D2A,cvg 2,Samenvattingen,Samenvattingen,6,35.81,Ba - Architectuur,"2013 - 2014, 2017 - 2018, 2019 - 2020, 2020 - 2021, 2023 - 2024",Cvg Grafostatica Les Notities Bram Verbelen; Hoofdstuk 10; Pluk Van Brempt Cvg 2018
H01D2A,cvg 2,Samenvattingen,Overig / Other,15,88.24,Ba - Architectuur,"2012 - 2013, 2023 - 2024",Cvg Structurele Details Bram Verbelen; Cvg Les 1; Cvg Les 10
H01D2A,cvg 2,Samenvattingen,Slides / Lesmateriaal,9,164.27,Ba - Architectuur,2019 - 2020,Hoofdstuk 1; Hoofdstuk 2; Hoofdstuk 3
H01D2D,Informatieoverdracht en -verwerking,Examens,Examens,31,74.38,Ba - Algemene gemeenschappelijke basis,"2007 - 2008, 2008 - 2009, 2011 - 2012, 2012 - 2013, 2015 - 2016",Informatieoverdracht & Verwerking Examenvragen [2023 2024] (matthias Halsberghe); Iov Examenvragen Jasper Visterin; Opgelosteexamens 35pg
H01D2D,Informatieoverdracht en -verwerking,Oefenzittingen,Oefenzittingen,69,329.07,Ba - Algemene gemeenschappelijke basis,"2007 - 2008, 2010 - 2011, 2011 - 2012, 2012 - 2013, 2013 - 2014",Inhoud Oefeningen; 2023 2024 Iov Alle Oefeningen Igor Lambrechts (gebaseerd Op Burgieclan); Iov Alleoz Karolienpoppeliers
H01D2D,Informatieoverdracht en -verwerking,Samenvattingen,Samenvattingen,32,170.26,Ba - Algemene gemeenschappelijke basis,"2010 - 2011, 2011 - 2012, 2012 - 2013, 2013 - 2014, 2017 - 2018",Cursustekst 2013 2014; Formularium 2020 2021; Samenvatting Iov (lukasvandenbroeck)
H01D2D,Informatieoverdracht en -verwerking,Samenvattingen,Overig / Other,6,3.24,Ba - Algemene gemeenschappelijke basis,"2012 - 2013, 2013 - 2014, 2015 - 2016, 2017 - 2018",Inhoud Theorie; Tips And Tricks 2013 2014 (wouter Beert); Informatieoverdrachtexamen
H01D2D,Informatieoverdracht en -verwerking,Samenvattingen,Slides / Lesmateriaal,18,40.49,Ba - Algemene gemeenschappelijke basis,"2010 - 2011, 2012 - 2013, 2014 - 2015, 2017 - 2018, 2020 - 2021",Slides 2012 2013 Informatieoverdracht; Slides 2012 2013 Informatieverwerking; Oz 3 Slides A
H01D4B,"Probleemoplossen en ontwerpen, deel 2",Examens,Examens,7,38.54,"Ba - Bouwkunde, Ma - Civil Engineering","2012 - 2013, 2017 - 2018, 2019 - 2020, 2020 - 2021, 2021 - 2022",Examenvraag Op Betonsamenstelling Oscar Neyrinck 2020; Examenvragen Beton 16juni; Examenvragen Vtk
H01D4B,"Probleemoplossen en ontwerpen, deel 2",Oefenzittingen,Oefenzittingen,12,3.73,Ba - Bouwkunde,2017 - 2018,Beton Deel 1 Oplossingenbundel; Oz5; Oz5
H01D4B,"Probleemoplossen en ontwerpen, deel 2",Samenvattingen,Overig / Other,6,20.23,Ba - Bouwkunde,2017 - 2018,Beton 3maart Suze Hannes; Inhoudsopgave Beton; 1 Betonbestanddelen
H01D4B,"Probleemoplossen en ontwerpen, deel 2",Samenvattingen,Samenvattingen,11,29.07,"Ba - Bouwkunde, Ma - Civil Engineering","2017 - 2018, 2021 - 2022, 2025 - 2026",Inleiding Cursus Beton 3de Bachelor; Belangrijke Getallen (elisabeth Deryckere); Samenvatting Hoofdstuk 1
H01D7B,Economie,Examens,Examens,21,2.32,Ba - Algemene gemeenschappelijke basis,"2001 - 2002, 2002 - 2003, 2003 - 2004, 2004 - 2005, 2005 - 2006",Examen 2002 06 12; Examen 2003; Examen 2004
H01D7B,Economie,Oefenzittingen,Oefenzittingen,21,16.91,Ba - Algemene gemeenschappelijke basis,"2018 - 2019, 2022 - 2023, 2023 - 2024, 2024 - 2025",Oefeningen Economie (lukasvandenbroeck); Conceptoefeningen En Formularium; Oef H12 Modeloplossing
H01D7B,Economie,Samenvattingen,Samenvattingen,26,77.21,Ba - Algemene gemeenschappelijke basis,"2006 - 2007, 2010 - 2011, 2011 - 2012, 2013 - 2014, 2016 - 2017",Formularium(niet Meer Van Toepassing); [2017 18] Uitgebreide Begrippenlijst H1 H8 Tibo Geenen; [2017 18] Uitgebreide Begrippenlijst H1 H8 Tibo Geenen
H01D7B,Economie,Samenvattingen,Overig / Other,15,176.75,"Ba - Algemene gemeenschappelijke basis, Ma - Architectuur","2012 - 2013, 2013 - 2014, 2020 - 2021",Monitoraat H02; Hfd1; Hfd15
H01D8B,Numerieke wiskunde,Examens,Examens,78,49.13,"Ba - Algemene gemeenschappelijke basis, Schakel - Algemeen","2002 - 2003, 2008 - 2009, 2009 - 2010, 2010 - 2011, 2011 - 2012",Examen 2010 06 27 (oplossing); Examen 2011 02 04 (oplossing); Examen 2011 02 04
H01D8B,Numerieke wiskunde,Oefenzittingen,Labo & Code,14,0.01,"Ba - Algemene gemeenschappelijke basis, Schakel - Algemeen","2010 - 2011, 2011 - 2012, 2012 - 2013, 2018 - 2019",Invmachten; Invmachten Adaptief; Jacobi
H01D8B,Numerieke wiskunde,Oefenzittingen,Oefenzittingen,98,154.83,"Ba - Algemene gemeenschappelijke basis, Schakel - Algemeen","2008 - 2009, 2010 - 2011, 2011 - 2012, 2014 - 2015, 2015 - 2016",Bepalen Convergentiefactor Orde; Numerieke Wiskunde Oefeningen Deel 1; Numerieke Wiskunde Oefeningen Deel 2
H01D8B,Numerieke wiskunde,Samenvattingen,Overig / Other,8,16.68,Schakel - Algemeen,"2014 - 2015, 2018 - 2019, 2019 - 2020",All You Can Carry; 2015 05 31 20 56 44; 2015 05 31 20 57 09
H01D8B,Numerieke wiskunde,Samenvattingen,Samenvattingen,35,134.81,"Ba - Algemene gemeenschappelijke basis, Schakel - Algemeen","2011 - 2012, 2012 - 2013, 2013 - 2014, 2018 - 2019, 2019 - 2020",Numerieke Wiskunde Overzichtsschemas; Numerieke Wiskunde Samenvatting 72p; Samenvatting Numerieke Wiskunde Wim Rijckmans
H01D8B,Numerieke wiskunde,Samenvattingen,Slides / Lesmateriaal,11,26.14,Ba - Algemene gemeenschappelijke basis,2012 - 2013,Les1 Inleiding Foutenanalyse; Les10 Optimalisatieproblemen; Les2 Kleinstekwadraten
H01F2A,Anki Flashcards Semester 5 Gemeenschappelijk,Examens,Examens,22,3.87,Ba - Algemene gemeenschappelijke basis,"2009 - 2010, 2011 - 2012, 2012 - 2013, 2013 - 2014, 2014 - 2015",Augustus 2013 Bedrijfskunde; Bedrijfskunde; Bedrijfskunde Januari2013
H01F2A,Anki Flashcards Semester 5 Gemeenschappelijk,Oefenzittingen,Oefenzittingen,35,136.46,Ba - Algemene gemeenschappelijke basis,"2009 - 2010, 2010 - 2011, 2011 - 2012, 2013 - 2014, 2014 - 2015",Bedrijfskunde Werkcolleges Laurens De Poorter; Bedrijfskunde Oefz; Bedrijfskunde Begrippen Oefenzittingen
H01F2A,Anki Flashcards Semester 5 Gemeenschappelijk,Samenvattingen,Samenvattingen,37,181.53,Ba - Algemene gemeenschappelijke basis,"2011 - 2012, 2013 - 2014, 2015 - 2016, 2017 - 2018, 2018 - 2019",Anki Flashcards Semester 5 Gemeenschappelijk (jarne Van Geyseghem 2023 2024); Leerstofoverzicht 23 24; [2018 19] Formules Boek 1 Tibo Geenen
H01F2A,Anki Flashcards Semester 5 Gemeenschappelijk,Samenvattingen,Overig / Other,6,4.4,Ba - Algemene gemeenschappelijke basis,"2011 - 2012, 2012 - 2013",12 Bedrijfskunde Project Management Toledo 1; Engelse Teksten Table Of Contents; Inhoud 10 Integrated Production Planning And Control Vervolg
H01F2A,Anki Flashcards Semester 5 Gemeenschappelijk,Samenvattingen,Slides / Lesmateriaal,29,32.86,Ba - Algemene gemeenschappelijke basis,"2011 - 2012, 2024 - 2025",10 Bedrijfskunde Voorspellingstechnieken Toledo 1; 11 Bedrijfskunde Productie En Voorraadcontrolesystemen Toledo; 13 Bedrijfskunde Locatie Productiestructuren En Lay Out Toledo 1
H01F5A,Probabilistisch ontwerpen,Examens,Examens,2,0.41,Ba - Bouwkunde,"2016 - 2017, 2025 - 2026",Examen Probabilistisch Juni 2017; Examenreconstructie 2026
H01F5A,Probabilistisch ontwerpen,Oefenzittingen,Oefenzittingen,3,5.44,Ba - Bouwkunde,"2017 - 2018, 2022 - 2023, 2023 - 2024",Oplossingen Deel 2 Werkboek Oefenzittingen; Probabilistisch Ontwerp Oefeningen; Rapport Oefenzitting1 2afgeprinte Versie
H01F5A,Probabilistisch ontwerpen,Oefenzittingen,Verslagen & Projecten,6,16.28,Ba - Bouwkunde,"2017 - 2018, 2018 - 2019, 2022 - 2023, 2023 - 2024, 2024 - 2025",Probabilistisch Ontwerpen Verslag Oefenzittingen Arthur Rohaert; Probabilistisch Ontwerpen Verslag Albert Neirinck 2024 2025; Verslag Oefenzittingen Lily Vreven
H01F5A,Probabilistisch ontwerpen,Samenvattingen,Overig / Other,1,1.03,Ba - Bouwkunde,2017 - 2018,Prob Ontw Oef 1 3chrisleinders
H01F5A,Probabilistisch ontwerpen,Samenvattingen,Samenvattingen,8,4.18,Ba - Bouwkunde,2020 - 2021,Samenvatting Appendix A; Samenvatting Hoofdstuk 1; Samenvatting Hoofdstuk 2
H01G5A,Applied Discrete Algebra,Examens,Examens,7,2.41,Ba - Computerwetenschappen,"2006 - 2007, 2012 - 2013, 2017 - 2018, 2019 - 2020, 2021 - 2022",Examen 2020 En 2019; Examen Discrete Algebra 2025 Augustus; Examenvragen September 2007
H01G5A,Applied Discrete Algebra,Oefenzittingen,Oefenzittingen,44,55.03,Ba - Computerwetenschappen,"2010 - 2011, 2011 - 2012, 2012 - 2013, 2013 - 2014, 2018 - 2019",Cd Speler Over Het Veld Gf(7^3); Extra Oefeningen Oplossingen; Oef3 74a
H01G5A,Applied Discrete Algebra,Samenvattingen,Slides / Lesmateriaal,14,4.69,Ba - Computerwetenschappen,"2010 - 2011, 2019 - 2020",Algoritme Van Euclides; Frobeasy Slides; Les10 19 20 Video Oefeningen V1 Full
H01G5A,Applied Discrete Algebra,Samenvattingen,Overig / Other,69,57.2,Ba - Computerwetenschappen,"2007 - 2008, 2010 - 2011, 2011 - 2012, 2014 - 2015, 2017 - 2018",Rijndael; Tda Oefeningen; Discrete Algebra Lesvoorbereidingen 2018
H01G5A,Applied Discrete Algebra,Samenvattingen,Samenvattingen,17,27.87,Ba - Computerwetenschappen,"2010 - 2011, 2013 - 2014, 2018 - 2019, 2019 - 2020, 2021 - 2022",Cursus Toegepaste Discrete Algebra Feb2020v1 Deel1; Cursus Toegepaste Discrete Algebra Feb2020v1 Deel2; Samenvatting Discrete Algebra Jasper Visterin 2021 2022
H01G7A,Applied Mechanics 3: Matrix & Energy Methods for Kinetostatics,Examens,Examens,63,154.15,Ba - Werktuigkunde,"2006 - 2007, 2007 - 2008, 2008 - 2009, 2009 - 2010, 2010 - 2011",Mech3slidesenergiemethodeslessenen5examens20 21(thomas De Wolf); 190617modeloplossing1; 2023 Voorbeeld Examenvragen Kobe
H01G7A,Applied Mechanics 3: Matrix & Energy Methods for Kinetostatics,Oefenzittingen,Oefenzittingen,13,148.57,Ba - Werktuigkunde,"2008 - 2009, 2011 - 2012, 2012 - 2013, 2017 - 2018, 2022 - 2023","Toegepaste Mechanica, Deel 3 Lesnotities En Oefenzittingen (glenn Peeters) 2017 2018; 1 1; 1 2"
H01G7A,Applied Mechanics 3: Matrix & Energy Methods for Kinetostatics,Samenvattingen,Samenvattingen,10,67.46,Ba - Werktuigkunde,"2011 - 2012, 2017 - 2018, 2021 - 2022, 2022 - 2023, 2023 - 2024",Deel 1 Arbeids Energiemethoden Nick Hosewol; Deel 2 Matrixmethodes Nick Hosewol; Mech3 Arbeid En Energiemethoden Sv Kobe 2023
H01G8B,BIM,Samenvattingen,Samenvattingen,2,4.08,Ba - Architectuur,2018 - 2019,Bim Samenvatting Cato; Floormelis Bim Samenvatting
H01G8B,BIM,Samenvattingen,Overig / Other,1,15.48,Ba - Architectuur,2018 - 2019,Bim Eastman Geheel
H01G9A,"Atoomtheorie, chemische periodiciteit en chemische binding",Examens,Examens,8,6.25,Ba - Chemische technologie,"2006 - 2007, 2010 - 2011, 2013 - 2014, 2014 - 2015, 2016 - 2017",Examen Atoomtheorie 2007 2014 (willem De Brandt); Examen Atoomtheorie 2015 Opgave; Examen Atoomtheorie 2015 Oplossing (willem De Brandt)
H01G9A,"Atoomtheorie, chemische periodiciteit en chemische binding",Oefenzittingen,Oefenzittingen,1,0.13,Ba - Chemische technologie,2010 - 2011,Vraagjes Atoomtheorie
H01G9A,"Atoomtheorie, chemische periodiciteit en chemische binding",Samenvattingen,Overig / Other,5,11.23,Ba - Chemische technologie,"2008 - 2009, 2010 - 2011",Halfgeleider Voor De Les; Led Microscopy 1; S&b Ano Studiehandleiding 2009
H01G9A,"Atoomtheorie, chemische periodiciteit en chemische binding",Samenvattingen,Slides / Lesmateriaal,1,3.21,Ba - Chemische technologie,2010 - 2011,Presentatie Nn
H01G9A,"Atoomtheorie, chemische periodiciteit en chemische binding",Samenvattingen,Samenvattingen,4,9.86,Ba - Chemische technologie,"2010 - 2011, 2017 - 2018, 2020 - 2021",Formularium; Atoomtheorie (uitgebreid) (casper Janssen); Atoomtheorie Samenvatting (marnic Jacobs)
H01H3B,Bouwfysica,Examens,Examens,22,41.88,"Ba - Architectuur, Ba - Bouwkunde","2016 - 2017, 2017 - 2018, 2018 - 2019, 2019 - 2020, 2020 - 2021",Charlotte Goes Examenvragen; Uitgewerkte Theorievragen Oude Examens; H01h3 Bouwfysica Oefeningentest Modeloplossing 16 17
H01H3B,Bouwfysica,Oefenzittingen,Oefenzittingen,10,15.13,"Ba - Architectuur, Ba - Bouwkunde","2017 - 2018, 2018 - 2019, 2019 - 2020, 2022 - 2023",Oefeningen Massa; Oefeningen Warmte; Gestelde Theorievragen Bouwfysica (t E M Anno 2023) Compressed
H01H3B,Bouwfysica,Samenvattingen,Samenvattingen,17,15.97,"Ba - Architectuur, Ba - Bouwkunde","2020 - 2021, 2023 - 2024",Charlotte Goes Samenvatting; 0 Essentie; 01 Samenvatting Hoofdstuk 1
H01H3B,Bouwfysica,Samenvattingen,Overig / Other,1,2.49,Ba - Architectuur,2023 - 2024,Charlotte Goes Tips
H01H5A,Grondmechanica,Examens,Examens,8,56.44,Ma - Civil Engineering,"2018 - 2019, 2019 - 2020, 2021 - 2022, 2022 - 2023",Examenvragen Soil + Opl Met Figuren; Examenvragen Soil + Opl Met Figuren; Examenvragen Soil Bijgewerkt 2018 2019
H01H5A,Grondmechanica,Oefenzittingen,Oefenzittingen,14,116.53,Ma - Civil Engineering,"2018 - 2019, 2021 - 2022",Exercise 1; Exercise 2; Exercise 3
H01H5A,Grondmechanica,Samenvattingen,Overig / Other,9,41.34,Ma - Civil Engineering,"2021 - 2022, 2025 - 2026",Lexique Soilmech; Soilmech 9 Powrie 1997 Retaining Systems; Soilmech Powerpoint 1
H01H5A,Grondmechanica,Samenvattingen,Samenvattingen,10,24.54,Ma - Civil Engineering,"2022 - 2023, 2023 - 2024",Grondmechanica Samenvatting; Soil Mechanics Chapter 1 Summary; Soil Mechanics Chapter 2 1 Summary
H01I0B,Bouwmechanica,Examens,Examens,6,3.13,Ba - Bouwkunde,"2024 - 2025, 2025 - 2026",Cross Tabel Voorbeeldexamen; Examen Bouwmechanica 11juni2026; Opgave Voorbeeldexamen
H01I0B,Bouwmechanica,Oefenzittingen,Oefenzittingen,42,21.84,"Ba - Architectuur, Ba - Bouwkunde","2017 - 2018, 2021 - 2022",1; 2; 3
H01I0B,Bouwmechanica,Samenvattingen,Overig / Other,23,134.71,"Ba - Architectuur, Ba - Bouwkunde","2017 - 2018, 2022 - 2023",Bouwmechanica (oef); Bouwmechanica; Rotatiemethode Bouwmech
H01I0B,Bouwmechanica,Samenvattingen,Samenvattingen,6,23.26,"Ba - Architectuur, Ba - Bouwkunde",2021 - 2022,Bouwmechanica Samenvatting+opgelosteoefeningen Xandecoutere; H1 Samenvatting; H2 Samenvatting
H01I6A,Materialen gebruik & degradatie,Examens,Examens,2,2.34,Ba - Materiaalkunde,"2012 - 2013, 2023 - 2024",Examenvragen Materiaal Gebruik En Degradatie; Voorbeeld Examenvragen Academiejaar 2023 2024
H01I6A,Materialen gebruik & degradatie,Oefenzittingen,Oefenzittingen,1,5.08,Ba - Materiaalkunde,2009 - 2010,Breukmechanische Oefeningen 2009 2010
H01I6A,Materialen gebruik & degradatie,Oefenzittingen,Verslagen & Projecten,1,1.29,Ma - Materials Engineering,2025 - 2026,Arcelormittal (ghent) Case Study Failure Analysis Within Cooling System Final Report
H01I6A,Materialen gebruik & degradatie,Samenvattingen,Overig / Other,3,16.82,"Ba - Materiaalkunde, Ma - Materials Engineering","2013 - 2014, 2018 - 2019, 2025 - 2026",Extra Fotos Fractografie; Oef Breukmechanica + Vermoeiing (matthias Sempels); Arcelormittal (ghent) Case Study Failure Analysis Within Cooling System Presentation
H01I6A,Materialen gebruik & degradatie,Samenvattingen,Samenvattingen,4,22.07,Ba - Materiaalkunde,"2022 - 2023, 2024 - 2025, 2025 - 2026",Mgd Samenvatting Roel Peetermans; Mgd Samenvatting Benji; Samenvatting Boek3 Corrosie Slijtage Maarten Diepvens
H01I8A,Structurele materialen,Examens,Examens,1,0.37,Ba - Materiaalkunde,2019 - 2020,Opgeloste Examenvragen 2009 + 2010
H01I8A,Structurele materialen,Oefenzittingen,Oefenzittingen,2,0.39,Ba - Materiaalkunde,2019 - 2020,Veel Opgeloste Vragen; Vragen Constructiematerialen
H01I8A,Structurele materialen,Samenvattingen,Samenvattingen,9,15.73,Ba - Materiaalkunde,"2019 - 2020, 2020 - 2021",Samenvatting; [2018 19] Samenvatting Materialen En Corrosieprotectie Tibo Geenen; Constructiematerialen Schema
H01I8A,Structurele materialen,Samenvattingen,Overig / Other,2,0.16,Ba - Materiaalkunde,2019 - 2020,[2018 19] Legeringselementen Overzicht Tibo Geenen; Begrippenlijst Boku 2012
H01I8A,Structurele materialen,Samenvattingen,Slides / Lesmateriaal,1,18.48,Ba - Materiaalkunde,2019 - 2020,Slides Constructiematerialen
H01J3A,Thermo en kinetica,Examens,Examens,1,0.21,Ba - Materiaalkunde,2023 - 2024,Examen Thermodynamicakinetica 28jun22 Voorbeeld On Line
H01J3A,Thermo en kinetica,Oefenzittingen,Oefenzittingen,25,46.57,Ba - Materiaalkunde,"2008 - 2009, 2011 - 2012, 2012 - 2013, 2013 - 2014, 2021 - 2022",Theorievragen; Numerieke Opl Oefeningen 2013; Oefeningen Helene
H01J3A,Thermo en kinetica,Samenvattingen,Slides / Lesmateriaal,4,25.36,"Ba - Materiaalkunde, Ma - Materials Engineering","2011 - 2012, 2022 - 2023, 2025 - 2026",Ellinghamdiagrammen; All Exercices Ternary Phases Compressed; Isothermal Sections
H01J3A,Thermo en kinetica,Samenvattingen,Samenvattingen,6,24.08,Ba - Materiaalkunde,"2005 - 2006, 2011 - 2012, 2012 - 2013, 2013 - 2014, 2024 - 2025",Formularium Elektrochemie 2006; Formularium Chemisch Evenwicht 2006; Formularium Kinetica 2006
H01J4A,Materials Characterisation Techniques I,Examens,Examens,3,50.67,Ma - Materials Engineering,2022 - 2023,Exam Materials Characterisation Part 1 Marion Cardous; Exam Questions Part 2 Marion Cardous; Old Exam Questions Part 2 Roxanne Baeten
H01J4A,Materials Characterisation Techniques I,Oefenzittingen,Oefenzittingen,9,19.52,Ma - Materials Engineering,"2022 - 2023, 2023 - 2024, 2024 - 2025, 2025 - 2026",2025 Exercise Session Pt1; 2025 Exercise Session Pt2; 2025 Exercises
H01J4A,Materials Characterisation Techniques I,Samenvattingen,Overig / Other,4,2.82,Ma - Materials Engineering,"2023 - 2024, 2024 - 2025, 2025 - 2026",Materials Characterization Techniques I; Materials Characterization Techniques Overview; Table Of Contents Only 2025
H01J4A,Materials Characterisation Techniques I,Samenvattingen,Samenvattingen,1,7.66,Ma - Materials Engineering,2022 - 2023,Samenvatting Deel 1 Roxanne Baeten
H01J6A,E&P,Examens,Examens,4,0.67,Ba - Materiaalkunde,"2008 - 2009, 2009 - 2010, 2012 - 2013",Examenvragen Dropbox; Examenvragen Opgelost; Examenvragen Mechanischgedrag
H01J6A,E&P,Oefenzittingen,Oefenzittingen,36,20.83,Ba - Materiaalkunde,"2007 - 2008, 2008 - 2009, 2009 - 2010, 2012 - 2013, 2014 - 2015",Mechanisch Gedrag Oefenzitting 2 Oef 3; Oefenzitting 1 Oef 2; Oefz3
H01J6A,E&P,Samenvattingen,Overig / Other,29,107.87,"Ba - Materiaalkunde, Schakel - Werktuigkunde","2008 - 2009, 2009 - 2010, 2012 - 2013, 2015 - 2016, 2018 - 2019",E&p Oef Wim R; E&p Theorie Wim R; 20140822192554571
H01J6A,E&P,Samenvattingen,Samenvattingen,4,16.04,"Ba - Materiaalkunde, Schakel - Werktuigkunde","2009 - 2010, 2018 - 2019, 2024 - 2025",E&p Samenvatting Wim R; Formularium Cilindercoordinaten; Formularium
H01J6A,E&P,Samenvattingen,Slides / Lesmateriaal,13,12.35,Ba - Materiaalkunde,2008 - 2009,Transparanten H 1; Transparanten H 10; Transparanten H 12
H01J9A,Chemische reactorkunde en bioreactorkunde,Examens,Examens,13,51.25,Ba - Chemische technologie,"2002 - 2003, 2011 - 2012, 2013 - 2014, 2014 - 2015, 2019 - 2020",Examenvragen Reactorkunde Opgaven (willem De Brandt); Examenvragen Reactorkunde Oplossing (willem De Brandt); 12 20 Oefenzitting9 Examenvragen 230907 150106
H01J9A,Chemische reactorkunde en bioreactorkunde,Oefenzittingen,Oefenzittingen,105,663.63,Ba - Chemische technologie,"2011 - 2012, 2014 - 2015, 2018 - 2019, 2023 - 2024",Reactorkunde Oefeningen (victor Nijssen); 12; 13
H01J9A,Chemische reactorkunde en bioreactorkunde,Samenvattingen,Samenvattingen,3,20.98,Ba - Chemische technologie,"2018 - 2019, 2021 - 2022",Reactorkunde Lesnotities (victor Nijssen); Reactorkunde Samenvatting Inkorting (kato Kenis); Verduidelijkte Samenvatting Kato Kenis (sarah Vanmarsenille)
H01J9A,Chemische reactorkunde en bioreactorkunde,Samenvattingen,Overig / Other,1,5.9,Ba - Chemische technologie,2021 - 2022,Ijkingstest 2022
H01K7A,Scheidingsprocessen,Examens,Examens,4,2.26,Ba - Chemische technologie,"2011 - 2012, 2020 - 2021, 2023 - 2024",Examen Scheidingsprocessen Opgaven (willem De Brandt); Examen Scheidingsprocessen Oplossing (willem De Brandt); Examen 2023 Toledo Opgave
H01K7A,Scheidingsprocessen,Oefenzittingen,Oefenzittingen,56,86.58,Ba - Chemische technologie,"2011 - 2012, 2013 - 2014, 2014 - 2015, 2018 - 2019, 2019 - 2020","Oefeningen Scheidingsprocessen (victor Nijssen); Oplossingen Scheidingsprocessen; Algemene Feedback Na Test 1, 2020"
H01K7A,Scheidingsprocessen,Samenvattingen,Samenvattingen,3,21.81,Ba - Chemische technologie,"2020 - 2021, 2024 - 2025",Scheidingsprocessen Samenvatting 2021 (lars Wouters); Scheidingsprocessen Samenvatting 2024; Scheidingsprocessen Samenvatting 2024
H01K7A,Scheidingsprocessen,Samenvattingen,Overig / Other,6,0.17,Ba - Chemische technologie,"2011 - 2012, 2014 - 2015",Oef 12; Oef 12 3 Ods; Oef 12 Ods 2
H01K7A,Scheidingsprocessen,Samenvattingen,Slides / Lesmateriaal,4,100.01,Ba - Chemische technologie,2019 - 2020,Voorbeeldoefening Sectie 5 Oefening 3; Voorbeeldoefening Sectie 6 Oefening 10; Voorbeeldoefening Sectie 7 Oefening 10
H01K9A,Toegepaste chemische thermodynamica,Examens,Examens,7,3.11,Ba - Chemische technologie,"2010 - 2011, 2011 - 2012, 2012 - 2013, 2022 - 2023, 2023 - 2024",Examen 13 6 12 Oefeningen; Chemcial Thermodynamics Exam2022 August; Chemcial Thermodynamics Exam2023 August
H01K9A,Toegepaste chemische thermodynamica,Oefenzittingen,Oefenzittingen,4,64.62,Ba - Chemische technologie,"2012 - 2013, 2021 - 2022, 2022 - 2023, 2023 - 2024",Engineering And Chemical Thermodynamics Milo D Koretsky (wiley 2013) [solutions]; Chemical Thermodynamics Modeloplossingen 2022; Chemical Thermodynamics Modeloplossingen 2023
H01K9A,Toegepaste chemische thermodynamica,Samenvattingen,Samenvattingen,4,9.69,Ba - Chemische technologie,"2010 - 2011, 2018 - 2019",Formularium Ct (victor Nijssen); Formularium Boek 1; Formularium Boek 2
H01K9A,Toegepaste chemische thermodynamica,Samenvattingen,Overig / Other,37,59.35,Ba - Chemische technologie,"2008 - 2009, 2010 - 2011, 2011 - 2012, 2012 - 2013, 2013 - 2014",Atkins 6th Ed Thermo Tabellen; Basis Totaal; Chemther 2007
H01K9A,Toegepaste chemische thermodynamica,TTT's,TTT's,4,1.71,Ba - Chemische technologie,"2021 - 2022, 2022 - 2023, 2025 - 2026",Chemcial Thermodynamics Midtermtest2022 Solutions; Chemcial Thermodynamics Midtermtest2023 Opgave; Chemical Thermodynamics Midtermtest2023 Oplossingen
H01L1A,Digitale elektronica en processoren,Examens,Examens,75,39.44,Ba - Elektrotechniek,"2002 - 2003, 2003 - 2004, 2005 - 2006, 2006 - 2007, 2008 - 2009",Dep Examen 21aug23 Oplossing; Dep Examen 24juni24 Oplossing; Dep Examen 26juni23 Oplossing
H01L1A,Digitale elektronica en processoren,Oefenzittingen,Oefenzittingen,19,7.92,Ba - Elektrotechniek,"2004 - 2005, 2010 - 2011, 2011 - 2012, 2018 - 2019, 2024 - 2025",Oz1 Combinatorisch Opgave; Oz1 Combinatorisch Oplossing; Oz2 Sequentieel 1 Opgave
H01L1A,Digitale elektronica en processoren,Samenvattingen,Overig / Other,1,0.06,Ba - Elektrotechniek,2012 - 2013,Inhoudstafel Dep 2013
H01L1A,Digitale elektronica en processoren,Samenvattingen,Samenvattingen,23,147.09,Ba - Elektrotechniek,"2010 - 2011, 2011 - 2012, 2013 - 2014, 2015 - 2016, 2017 - 2018",Dep Samenvatting (2019 2020) Kevin Lepinoy; Dep Samenvatting 2017 2018 (sarah Muys); Dep Schemalara Roosens
H01L4A,Digitale en analoge communicatie,Examens,Examens,21,51.43,Ba - Elektrotechniek,"2006 - 2007, 2010 - 2011, 2013 - 2014, 2014 - 2015, 2019 - 2020",Dac Examen 2011 01 26 Vraag 3 (opgave); Dac Examen 2014 06 06 (opgave); Dac Examen 2014 06 06 Vraag 3 (oplossing)
H01L4A,Digitale en analoge communicatie,Oefenzittingen,Oefenzittingen,27,67.91,Ba - Elektrotechniek,"2009 - 2010, 2010 - 2011, 2011 - 2012, 2013 - 2014, 2018 - 2019",Communication Systems 4th Edition Simon Haykin With Solutions Manual; Dac Oz1 Opgave (2018 2019); Dac Oz1 Oplossing (2009 2010)
H01L4A,Digitale en analoge communicatie,Oefenzittingen,Labo & Code,121,0.07,Ba - Elektrotechniek,2012 - 2013,A 10a; A 10b; E1 006
H01L4A,Digitale en analoge communicatie,Samenvattingen,Overig / Other,9,0.92,Ba - Elektrotechniek,"2011 - 2012, 2012 - 2013, 2020 - 2021, 2023 - 2024",Dac Faq; Dac Termen Md; Handige Formules Pedrodevogelaere
H01L4A,Digitale en analoge communicatie,Samenvattingen,Samenvattingen,5,50.88,Ba - Elektrotechniek,"2011 - 2012, 2012 - 2013, 2019 - 2020, 2022 - 2023, 2025 - 2026","Dac Formularium Gv; Formularium Dac (wout Sansen, 2025 2026); Prentice Hall Digital And Analog Communication Systems"
H01L4A,Digitale en analoge communicatie,Samenvattingen,Slides / Lesmateriaal,3,0.21,Ba - Elektrotechniek,2011 - 2012,Dac E 2 0 Animation Random Process; Dac E 3 0 Animation Line Codes 1; Dac E 4 0 Animation Complex Envelope
H01L6A,Digital Signal Processing,Examens,Examens,33,210.32,"Ba - Biomedische technologie, Ba - Elektrotechniek","2016 - 2017, 2018 - 2019, 2020 - 2021, 2023 - 2024",Examen 2023 Voorbeeld (studentenoplossing Maarten De Baecke); Examen 2023 Voorbeeld (studentenoplossing Uit Discord); Examen 2023 Voorbeeld
H01L6A,Digital Signal Processing,Oefenzittingen,Oefenzittingen,145,69.18,"Ba - Biomedische technologie, Ba - Elektrotechniek","2015 - 2016, 2021 - 2022, 2022 - 2023, 2023 - 2024, 2024 - 2025",Oefenzitting 1 Dsv Nick Hosewol; Oefenzitting 1 Dsv Oplossing Nick Hosewol; Oefenzitting 2 Dsv Nick Hosewol
H01L6A,Digital Signal Processing,Samenvattingen,Overig / Other,5,2.18,"Ba - Biomedische technologie, Ba - Elektrotechniek","2011 - 2012, 2012 - 2013, 2013 - 2014",Bodeplotmaker; Bodeplotmaker; Edft Als Filterbank
H01L6A,Digital Signal Processing,Samenvattingen,Samenvattingen,12,348.25,"Ba - Biomedische technologie, Ba - Elektrotechniek","2014 - 2015, 2017 - 2018, 2018 - 2019, 2023 - 2024, 2024 - 2025",Formularium; [2018 19] Samenvatting Dsv Tibo Geenen; Digitale Signaalverwerking Samenvatting 2024 2025 (milan Schoofs)
H01L6A,Digital Signal Processing,Samenvattingen,Slides / Lesmateriaal,5,3.39,"Ba - Biomedische technologie, Ba - Elektrotechniek","2011 - 2012, 2012 - 2013, 2013 - 2014",Edft Als Filterbank; Figuren Dsv; Filters
H01L8A,Electrical Energy and Drive Systems,Examens,Examens,25,35.8,"Ba - Biomedische technologie, Ba - Elektrotechniek, Ba - Werktuigkunde","1999 - 2000, 2012 - 2013, 2013 - 2014, 2014 - 2015, 2017 - 2018",Eea Oud Examenvragen 2000 2018; Eea Labo 12; Eea Oefeningen
H01L8A,Electrical Energy and Drive Systems,Oefenzittingen,Oefenzittingen,32,274.66,"Ba - Biomedische technologie, Ba - Elektrotechniek, Ba - Werktuigkunde","2011 - 2012, 2013 - 2014, 2014 - 2015, 2019 - 2020, 2020 - 2021",Eea Oefenzitting Motoren Opl; Oefenzitting 1 Oplossing Toledo2017; Eea Oefz
H01L8A,Electrical Energy and Drive Systems,Samenvattingen,Samenvattingen,46,241.46,"Ba - Biomedische technologie, Ba - Elektrotechniek, Ba - Werktuigkunde","2012 - 2013, 2013 - 2014, 2014 - 2015, 2015 - 2016, 2017 - 2018",Energie Wikis Deel 1; Energie Wikis Deel 2; Geziene Leerstof 2014
H01L8A,Electrical Energy and Drive Systems,Samenvattingen,Overig / Other,6,16.23,"Ba - Biomedische technologie, Ba - Elektrotechniek, Ba - Werktuigkunde","2011 - 2012, 2013 - 2014, 2018 - 2019, 2022 - 2023, 2025 - 2026",Klokgetal[1] Tw[1]; Klokgetal[1] Tw[1]; Labo5 Eea
H01L8A,Electrical Energy and Drive Systems,Samenvattingen,Slides / Lesmateriaal,20,229.41,"Ba - Elektrotechniek, Ba - Werktuigkunde","2020 - 2021, 2024 - 2025",Oefz Transformatoren Oplossingen1; Afspraken Eea Nick Hosewol; Deel 0 Eea Nick Hosewol
H01M0A,Anki Flashcards Semester 6 ELT,Samenvattingen,Samenvattingen,1,10.43,Ba - Elektrotechniek,2023 - 2024,Anki Flashcards Semester 6 Elt (jarne Van Geyseghem 2023 2024)
H01M1A,Elektromagnetische golven,Examens,Examens,7,11.49,Ba - Elektrotechniek,"2013 - 2014, 2014 - 2015, 2018 - 2019, 2020 - 2021, 2022 - 2023",Emp Session1 Slides; Examen Emg 7 Juni 2019; Examenvragenemg Opl
H01M1A,Elektromagnetische golven,Oefenzittingen,Oefenzittingen,22,152.83,Ba - Elektrotechniek,"2006 - 2007, 2012 - 2013, 2013 - 2014, 2014 - 2015, 2015 - 2016",Smith Chart Tutorial Nick Hosewol; Smith Chart; [2018 19] Oz 3 Stappenplan Tibo Geenen
H01M1A,Elektromagnetische golven,Samenvattingen,Samenvattingen,22,134.94,Ba - Elektrotechniek,"2011 - 2012, 2013 - 2014, 2015 - 2016, 2017 - 2018, 2018 - 2019",Emg Studentencursus 2019 2020 V1 1; David J Griffiths Introduction To Electrodynamics (3rd Ed ); Emg Samenvatting (caro)
H01M1A,Elektromagnetische golven,Samenvattingen,Slides / Lesmateriaal,49,61.86,Ba - Elektrotechniek,"2011 - 2012, 2012 - 2013, 2013 - 2014, 2015 - 2016",Animations; Ch01; Ch02
H01M3A,Elektronische basisschakelingen,Examens,Examens,79,123.5,"Ba - Biomedische technologie, Ba - Elektrotechniek","2006 - 2007, 2007 - 2008, 2008 - 2009, 2013 - 2014, 2014 - 2015",Opgave; Oplossing; 2019 1
H01M3A,Elektronische basisschakelingen,Oefenzittingen,Oefenzittingen,22,40.24,"Ba - Biomedische technologie, Ba - Elektrotechniek","2014 - 2015, 2024 - 2025",Oefenzitting 1 Ebs Nick Hosewol; Oefenzitting 1 Ebs Oplossing Nick Hosewol; Oefenzitting 2 Ebs Nick Hosewol
H01M3A,Elektronische basisschakelingen,Samenvattingen,Overig / Other,4,1.36,"Ba - Biomedische technologie, Ba - Elektrotechniek","2011 - 2012, 2015 - 2016",Bodeplotmaker; Circuit Naar Signaalverwerkingsblok; Bodeplotmaker
H01M3A,Elektronische basisschakelingen,Samenvattingen,Samenvattingen,9,77.4,"Ba - Biomedische technologie, Ba - Elektrotechniek","2017 - 2018, 2019 - 2020, 2021 - 2022, 2024 - 2025",[2018 19] Blackman Tutorial + Examenvoorbeelden Tibo Geenen Benoit Cattoir; Bode Plot Schema; Samenvatting Ebs (zip Met Scans)(nic Vermeeren)
H01M3A,Elektronische basisschakelingen,Samenvattingen,Slides / Lesmateriaal,8,8.14,"Ba - Biomedische technologie, Ba - Elektrotechniek","2014 - 2015, 2018 - 2019",Oefenzitting 1 Slides (2015); Oefenzitting 1 Slides (2019); Oefenzitting 2 Slides
H01M4A,Electromagnetic Interference,Oefenzittingen,Oefenzittingen,1,2.87,Ma - Electrical Engineering,2024 - 2025,Emc Samenvatting Exvragen Robbe Robbe
H01M5A,Halfgeleidercomponenten,Examens,Examens,27,164.31,Ba - Elektrotechniek,"2005 - 2006, 2012 - 2013, 2015 - 2016, 2017 - 2018, 2018 - 2019",Hgc Denk Examenvragen + Oplossingen; Hgc Examen 2013 08 19; Hgc Examen 2019 06 21
H01M5A,Halfgeleidercomponenten,Oefenzittingen,Oefenzittingen,37,35.2,Ba - Elektrotechniek,"2012 - 2013, 2013 - 2014, 2015 - 2016, 2017 - 2018, 2019 - 2020",Oefenzitting 1 Hgc Basics & Fundamentals Nick Hosewol; Oefenzitting 1 Hgc Basics & Fundamentals Oplossingen Nick Hosewol; Oefenzitting 2 Hgc P N Diode Nick Hosewol
H01M5A,Halfgeleidercomponenten,Samenvattingen,Samenvattingen,16,84.35,Ba - Elektrotechniek,"2011 - 2012, 2012 - 2013, 2013 - 2014, 2014 - 2015, 2016 - 2017",Extra Informatie 1; Extra Informatie 2; Hgc Geüpgraded Formularium
H01M5A,Halfgeleidercomponenten,Samenvattingen,Overig / Other,2,0.09,Ba - Elektrotechniek,2011 - 2012,Handige Links; Table Of Contents
H01M5A,Halfgeleidercomponenten,Samenvattingen,Slides / Lesmateriaal,17,44.54,Ba - Elektrotechniek,"2015 - 2016, 2017 - 2018, 2018 - 2019, 2024 - 2025",Oefenzitting 6 Hgc Band Diagrams Nick Hosewol; Oefenzitting 6 Hgc Band Diagrams Oplossing Nick Hosewol; Part 1 Basics Nick Hosewol
H01M5A,Halfgeleidercomponenten,TTT's,TTT's,26,19.93,Ba - Elektrotechniek,"2013 - 2014, 2014 - 2015, 2015 - 2016, 2016 - 2017, 2017 - 2018",Hgc Ttt 1 Basics And Diode 2014; Hgc Ttt 1 Basics And Diode 2015; Hgc Ttt 1 Basics And Diode 2016
H01N0A,Motion and Vibrations,Examens,Examens,37,13.36,Ba - Werktuigkunde,"2006 - 2007, 2012 - 2013, 2014 - 2015, 2017 - 2018, 2018 - 2019",Examenvragen Beweging; Examen 19 06 2025 (daniel Van Gerven); Examen 19 06 2025 (daniel Van Gerven
H01N0A,Motion and Vibrations,Oefenzittingen,Oefenzittingen,27,24.43,"Ba - Werktuigkunde, Schakel - Werktuigkunde","2013 - 2014, 2014 - 2015, 2018 - 2019, 2024 - 2025",Nokken Vragen; Oefenzitting 1 Trillingen Nick Hosewol; Oefenzitting 2 Trillingen Nick Hosewol
H01N0A,Motion and Vibrations,Oefenzittingen,Labo & Code,31,8.91,Ba - Werktuigkunde,"2011 - 2012, 2012 - 2013, 2013 - 2014, 2014 - 2015",Fourbar Movie; Dyn 8bar; Dyn Check
H01N0A,Motion and Vibrations,Oefenzittingen,Verslagen & Projecten,2,5.73,Ba - Werktuigkunde,2023 - 2024,Hensdennis Heylenjorrit; Verslag Beweging Nokken (6)
H01N0A,Motion and Vibrations,Samenvattingen,Samenvattingen,17,131.8,"Ba - Werktuigkunde, Schakel - Werktuigkunde","2013 - 2014, 2014 - 2015, 2018 - 2019, 2022 - 2023, 2023 - 2024",Sv01 Mobiliteit; Sv02 Kinematische Analyse Vlakke Stangenmechanismes; Sv03 Dynamische Analyse Vlakke Stangenmechanismes
H01N0A,Motion and Vibrations,Samenvattingen,Overig / Other,22,40.67,"Ba - Werktuigkunde, Schakel - Werktuigkunde","2011 - 2012, 2012 - 2013, 2014 - 2015, 2018 - 2019, 2020 - 2021",Speelmansara Vanbellevincent; Speelmansara Vanbellevincent; Flaps
H01N0A,Motion and Vibrations,Samenvattingen,Slides / Lesmateriaal,9,28.09,Ba - Werktuigkunde,2024 - 2025,Les 1a Inleiding Nick Hosewol; Les 1b Kinematisch Schema En Beweegbaarheid Nick Hosewol; Les 2 Kinematische Analyse Van Vlakke Mechanismen Nick Hosewol
H01N2A,Energy Conversion Machines and Systems,Examens,Examens,9,32.9,Ba - Werktuigkunde,"2012 - 2013, 2014 - 2015, 2018 - 2019, 2019 - 2020, 2021 - 2022",Ecms 12 Juni 2024; Ecms Opgeloste Examenvragen Kevin Lepinoy (1); Ecms Theorievragen Nick Hosewol
H01N2A,Energy Conversion Machines and Systems,Oefenzittingen,Oefenzittingen,17,229.41,Ba - Werktuigkunde,"2011 - 2012, 2012 - 2013, 2014 - 2015, 2019 - 2020, 2021 - 2022",Alle Oef Pompen+straalpijpen 2024 2025 (tijlvanneste); Alle Oefeningen Pompen & Compressoren (2024 2025); Labo Klimaatregeling
H01N2A,Energy Conversion Machines and Systems,Samenvattingen,Slides / Lesmateriaal,1,0.07,Ba - Werktuigkunde,2013 - 2014,Axiale Compressor (wikimedia)
H01N2A,Energy Conversion Machines and Systems,Samenvattingen,Samenvattingen,53,419.46,Ba - Werktuigkunde,"2010 - 2011, 2011 - 2012, 2012 - 2013, 2014 - 2015, 2016 - 2017",Formularium Thermodynamica; Formularium; Schema Oefeningen Ecms Lisa Corten
H01N8A,Machine Design: Machine Elements,Examens,Examens,25,244.45,Ba - Werktuigkunde,"2011 - 2012, 2012 - 2013, 2013 - 2014, 2014 - 2015, 2019 - 2020",Examen 19 06 2014; Examen Sdm 5 6 2020; Examenoefn
H01N8A,Machine Design: Machine Elements,Oefenzittingen,Oefenzittingen,43,704.82,Ba - Werktuigkunde,"2012 - 2013, 2013 - 2014, 2014 - 2015, 2017 - 2018, 2018 - 2019",Sdme Lesnotities En Oefeningen (glenn Peeters); Extra Opgaven H11 Maarten De Baecke; Extra Opgaven H21 Maarten De Baecke
H01N8A,Machine Design: Machine Elements,Samenvattingen,Samenvattingen,30,61.81,Ba - Werktuigkunde,"2011 - 2012, 2012 - 2013, 2014 - 2015, 2017 - 2018, 2020 - 2021",Afleiding Vergelijkingsspanning; Roloffmatek Verwijzingen; Sdm Notities
H01N8A,Machine Design: Machine Elements,Samenvattingen,Slides / Lesmateriaal,44,204.26,Ba - Werktuigkunde,"2014 - 2015, 2020 - 2021, 2021 - 2022",0 Sdme; 10 Pneumatische Aandr (seminarie); 11 Riemen Kettingen
H01O1A,Production Engineering and Systems,Examens,Examens,12,8.98,Ba - Werktuigkunde,"2009 - 2010, 2014 - 2015, 2017 - 2018, 2018 - 2019, 2020 - 2021","Richtlijnen Examen H01o1 1; B,h,v Mogelijkheden (wouter Janssens) 2020 2021; Examen 04 06 2026 Voormiddag"
H01O1A,Production Engineering and Systems,Oefenzittingen,Oefenzittingen,19,123.04,Ba - Werktuigkunde,"2011 - 2012, 2013 - 2014, 2014 - 2015, 2024 - 2025",Les 1 Inleiding Verspaning Nick Hosewol; Les 10 Walsen Nick Hosewol; Les 11 Omvormen Nick Hosewol
H01O1A,Production Engineering and Systems,Samenvattingen,Samenvattingen,10,251.59,Ba - Werktuigkunde,"2011 - 2012, 2013 - 2014, 2014 - 2015, 2017 - 2018, 2022 - 2023",Opmerkingen Productietechnieken; Warnecke Inleiding In De Productietechniek; Pts Samenvatting Roel Peetermans
H01O1A,Production Engineering and Systems,Samenvattingen,Slides / Lesmateriaal,3,11.5,Ba - Werktuigkunde,"2012 - 2013, 2018 - 2019",Beeldmateriaal Hoorcollege Lassen; Productietechnologie Inleiding Lastechnieken; Pts Pp05 Powerpoint
H01O2A,Landscape Architecture,Oefenzittingen,Verslagen & Projecten,1,0.07,Ma - Architectuur,2020 - 2021,Intro Outro Paper
H01O2A,Landscape Architecture,Samenvattingen,Samenvattingen,11,1.11,Ma - Architectuur,2020 - 2021,La Notities; Les 0212 Luis Ribeiro; Les 0912 Annelies Dingskes
H01O2A,Landscape Architecture,Samenvattingen,Slides / Lesmateriaal,6,0.11,Ma - Architectuur,2020 - 2021,Lecture 1 3okt; Lecture 2 Garofolo; Lecture 3 25 Okt Bas Smets
H01P1A,Modular Programming,Examens,Examens,16,1.77,Ba - Computerwetenschappen,"2019 - 2020, 2022 - 2023, 2023 - 2024",Examen Ogp 10 Juni 2024; Examen Ogp 26 Augustus 2023; Examen Ogp 13 Juni 2022
H01P1A,Modular Programming,Oefenzittingen,Oefenzittingen,1,0.17,Ba - Computerwetenschappen,2011 - 2012,Ogp1112sem2 Assignment 3 Draft
H01P1A,Modular Programming,Oefenzittingen,Labo & Code,2,0.0,Ba - Computerwetenschappen,2010 - 2011,Plateaufindertest; Plateaufindertestmhgw
H01P1A,Modular Programming,Samenvattingen,Overig / Other,5,0.32,Ba - Computerwetenschappen,"2010 - 2011, 2023 - 2024",Liskov Doubledispatch; Ogp In A Nutshell; Ogp Voor Macbook En Fsc4j Errors
H01P1A,Modular Programming,Samenvattingen,Samenvattingen,2,0.43,Ba - Computerwetenschappen,"2019 - 2020, 2023 - 2024",Ogp Samenvatting Olivier Deforhce; Ogp Help Lien Merckx
H01P1A,Modular Programming,Samenvattingen,Slides / Lesmateriaal,21,8.39,Ba - Computerwetenschappen,2012 - 2013,00 Introduction; 01 Totalprogramming; 02 Nominalprogramming
H01P3A,Numerical Approximation with Application in Data Science,Examens,Examens,12,73.6,Ba - Computerwetenschappen,"2013 - 2014, 2014 - 2015, 2017 - 2018, 2019 - 2020, 2020 - 2021",Examen 2026 Opgaves Toon Smits; Examenvragen Tot 2025 (maxim Bijnens); Modelvragen Michiels Uitgeschreven
H01P3A,Numerical Approximation with Application in Data Science,Oefenzittingen,Oefenzittingen,41,5.82,Ba - Computerwetenschappen,"2010 - 2011, 2013 - 2014, 2019 - 2020",Nmbvragen; Feedback Prac1; Feedback Prac2
H01P3A,Numerical Approximation with Application in Data Science,Oefenzittingen,Labo & Code,95,1.73,Ba - Computerwetenschappen,"2010 - 2011, 2013 - 2014, 2014 - 2015, 2016 - 2017, 2019 - 2020",Stability Of Least Squares Algorithms; Visualisatie Hf27; Visualisatie Si
H01P3A,Numerical Approximation with Application in Data Science,Samenvattingen,Overig / Other,13,4.61,Ba - Computerwetenschappen,"2012 - 2013, 2016 - 2017, 2019 - 2020, 2022 - 2023, 2023 - 2024",Algs; Overzicht Algoritmes; Overzicht Bewijzen
H01P3A,Numerical Approximation with Application in Data Science,Samenvattingen,Slides / Lesmateriaal,17,28.65,Ba - Computerwetenschappen,"2010 - 2011, 2012 - 2013, 2019 - 2020",Alle Slides; Slides1+; Slides1
H01P3A,Numerical Approximation with Application in Data Science,Samenvattingen,Samenvattingen,7,237.49,Ba - Computerwetenschappen,"2016 - 2017, 2019 - 2020, 2021 - 2022, 2023 - 2024",Numerieke Benadering Samenvatting Jasper Visterin; Cursus Nmb Deel 2; Numerical Linear Alebra Ocr
H01P5B,Computerarchitectuur en systeemsoftware,Examens,Examens,25,38.2,Ba - Computerwetenschappen,"2011 - 2012, 2013 - 2014, 2014 - 2015, 2015 - 2016, 2017 - 2018",Cass Lessen; Voorbeeldexamens Maxim Bijnens; Cass Opgeloste Examenvragen En Termen (2018)
H01P5B,Computerarchitectuur en systeemsoftware,Oefenzittingen,Oefenzittingen,48,4.51,Ba - Computerwetenschappen,"2011 - 2012, 2013 - 2014, 2014 - 2015, 2019 - 2020, 2023 - 2024",Cass Oefenzittingen Tot Paasvakantie; S1 Introduction To C; S2 Introduction To Mips
H01P5B,Computerarchitectuur en systeemsoftware,Oefenzittingen,Labo & Code,10,0.01,Ba - Computerwetenschappen,2019 - 2020,Exercise1; Exercise2; Exercise3
H01P5B,Computerarchitectuur en systeemsoftware,Samenvattingen,Overig / Other,51,116.09,Ba - Computerwetenschappen,"2003 - 2004, 2008 - 2009, 2011 - 2012, 2012 - 2013, 2013 - 2014",3bbi Shortcut; [1 10] Historical Perspective; [2 15] Advanced Material Compiling C And Interpreting Java
H01P5B,Computerarchitectuur en systeemsoftware,Samenvattingen,Samenvattingen,27,320.15,Ba - Computerwetenschappen,"2011 - 2012, 2012 - 2013, 2013 - 2014, 2014 - 2015, 2015 - 2016",[1 10] Historical Perspective Samenvatting; Computer Organization And Design Risc V Edition 2020; Assembely Theorie Amir
H01P5B,Computerarchitectuur en systeemsoftware,Samenvattingen,Slides / Lesmateriaal,9,19.97,Ba - Computerwetenschappen,"2014 - 2015, 2019 - 2020, 2020 - 2021",Caches Extra Slides; Slides Uitgetypt; S1 Slides
H01Q8A,cvg3,Examens,Examens,2,0.23,Ba - Architectuur,2020 - 2021,Cvg3 Examenvragen; Opgeloste Examenvragen (1)
H01Q8A,cvg3,Samenvattingen,Overig / Other,7,91.48,Ba - Architectuur,"2015 - 2016, 2020 - 2021, 2024 - 2025",Details 2016; Details Cvg Bram Verbelen; Details Julie
H01Q8A,cvg3,Samenvattingen,Samenvattingen,3,81.49,Ba - Architectuur,2020 - 2021,Cvg Samenvatting Lv; Cvg3 Xandecoutere; Cvg 3 Samenvatting
H01S0A,Management accounting,Examens,Examens,1,0.03,Ba - Bedrijfsbeheer,2015 - 2016,Management Accounting Examenvragen
H01S0A,Management accounting,Oefenzittingen,Oefenzittingen,23,2.67,Ba - Bedrijfsbeheer,"2013 - 2014, 2018 - 2019",Oef Hs10 (oplossing); Oef Hs10 78 Judds Reproductions; Oef Hs10 78 Judds Reproductions
H01S0A,Management accounting,Samenvattingen,Samenvattingen,3,62.74,Ba - Bedrijfsbeheer,"2015 - 2016, 2017 - 2018, 2018 - 2019",[2018 19] Samenvatting Management Accounting Tibo Geenen; Ma Algemene Samenvatting Emile Derache; Managerial Accounting Hilton 9e 2010 1 P
H01S0A,Management accounting,Samenvattingen,Overig / Other,8,15.02,Ba - Bedrijfsbeheer,2013 - 2014,Coming Up Short On Nonfinancial Performnce Measurement; Extra Teksten Hs10 (budgeting Games Played); Extra Teksten Hs11 (fairness & Transfer Pricing)
H01S0A,Management accounting,Samenvattingen,Slides / Lesmateriaal,18,9.3,Ba - Bedrijfsbeheer,"2013 - 2014, 2018 - 2019",Slides Deel 1 (hs1 Inleiding & Hs3 Kosten Besluitvorming); Slides Deel 2 (hs4 Kosten Toewijzen); Slides Deel 3 (hs5 Abc)
H01S4C,Westerse architectuurtheorie: inleiding,Examens,Examens,9,4.14,Ba - Architectuur,"2017 - 2018, 2018 - 2019, 2019 - 2020, 2023 - 2024",Examenvragen At Definitief[1] Uitgebreid; Examenvragen 2024 Voorbereiding; Examenvragen At Definitief[1] Uitgebreid
H01S4C,Westerse architectuurtheorie: inleiding,Oefenzittingen,Oefenzittingen,1,0.02,Ba - Architectuur,2017 - 2018,20 Vragen
H01S4C,Westerse architectuurtheorie: inleiding,Oefenzittingen,Verslagen & Projecten,254,110.83,Ba - Architectuur,"2013 - 2014, 2014 - 2015, 2015 - 2016, 2016 - 2017, 2017 - 2018",1 Vincent Van Praet; 1 Astrid Van Puyvelde; 1 Britt Van Rompaey
H01S4C,Westerse architectuurtheorie: inleiding,Samenvattingen,Overig / Other,6,49.09,Ba - Architectuur,"2017 - 2018, 2023 - 2024",At Belangrijke Namen Bram Verbelen; Plannen Woningen Architectuur Theorie Bram Verbelen; Architectuurtheorie Woninganalyse
H01S4C,Westerse architectuurtheorie: inleiding,Samenvattingen,Samenvattingen,67,240.71,Ba - Architectuur,"2013 - 2014, 2014 - 2015, 2016 - 2017, 2018 - 2019, 2019 - 2020",At Samenvatting Bram Verbelen; Samenvatting Dat Is Architectuur 1 Benjamin Rowe; Samenvatting 1 1 Arch&bouwen Les1
H01S4C,Westerse architectuurtheorie: inleiding,Samenvattingen,Slides / Lesmateriaal,19,190.97,Ba - Architectuur,"2012 - 2013, 2017 - 2018, 2018 - 2019, 2019 - 2020",Pp Hfdst 2 1 Authenticiteit; Pp Hfdst 2 2 28feb; Pp Hfdst 2 3 7 Mrt
H01S6B,Westerse architectuurgeschiedenis: Middeleeuwen tot Nieuwste Tijd,Examens,Examens,5,0.11,Ba - Architectuur,"2017 - 2018, 2018 - 2019",Examenvragen Archgesch; Examenvragen Opgelost 2; Vakwiki's Gesch
H01S6B,Westerse architectuurgeschiedenis: Middeleeuwen tot Nieuwste Tijd,Oefenzittingen,Oefenzittingen,14,23.1,"Ba - Architectuur, Ba - Architectuur en omgeving","2017 - 2018, 2020 - 2021, 2023 - 2024, 2024 - 2025",Toetsvragen Jody; Typevragen Architectuurgeschiedenis (1) Compressed; Typevragen Watkin Aangevuld
H01S6B,Westerse architectuurgeschiedenis: Middeleeuwen tot Nieuwste Tijd,Samenvattingen,Overig / Other,26,305.52,Ba - Architectuur,"2015 - 2016, 2017 - 2018, 2018 - 2019, 2019 - 2020, 2023 - 2024",Céline; Kerken; Overzichtfoto's
H01S6B,Westerse architectuurgeschiedenis: Middeleeuwen tot Nieuwste Tijd,Samenvattingen,Samenvattingen,119,801.56,"Ba - Architectuur, Ba - Architectuur en omgeving","2010 - 2011, 2012 - 2013, 2013 - 2014, 2015 - 2016, 2016 - 2017",Samenvatting Watkin; Samenvatting Boek; Middeleeuwen Samenvatting
H01S6B,Westerse architectuurgeschiedenis: Middeleeuwen tot Nieuwste Tijd,Samenvattingen,Slides / Lesmateriaal,19,522.48,Ba - Architectuur,"2017 - 2018, 2018 - 2019, 2019 - 2020",Ag Gebouwen Coomans; Ag Gebouwen Heynen; Toetsvragen Bij Presentaties
H01T0A,Cel- en Weefselbiologie,Examens,Examens,1,0.18,Ba - Technologie van de levende systemen [OLD],2016 - 2017,Verzamelde Examenvragen
H01T0A,Cel- en Weefselbiologie,Samenvattingen,Slides / Lesmateriaal,1,34.34,Ba - Technologie van de levende systemen [OLD],2016 - 2017,Celbio & Histologie 100 Slides Enkele Van De Belangrijkste Afbeeldingen
H01T0A,Cel- en Weefselbiologie,Samenvattingen,Samenvattingen,1,0.5,Ba - Technologie van de levende systemen [OLD],2016 - 2017,Celbio Weefselfysiologie Samenvatting
H01T1A,Lineaire algebra,Examens,Examens,2,0.03,Ba - Architectuur,2017 - 2018,Examen Algebra; Veel Gemaakte Fouten Op Het Examen Lineaire Algebra
H01T1A,Lineaire algebra,Oefenzittingen,Oefenzittingen,3,16.11,Ba - Architectuur,"2017 - 2018, 2023 - 2024",Theorievragen Algebra; Vragen Algebra; Lineaire Algebra Oplossingen Oefeningen Bram Verbelen
H01T1A,Lineaire algebra,Samenvattingen,Overig / Other,3,0.53,Ba - Architectuur,2017 - 2018,Bewijzen Lineaire Algebra; Doordenkers1; Doordenkers2
H01T1A,Lineaire algebra,Samenvattingen,Samenvattingen,1,2.06,Ba - Architectuur,2017 - 2018,Samenvatting Lin Alg
H01T3C,Informatica,Examens,Examens,5,0.32,Ba - Architectuur,2017 - 2018,Examen Poker; Examenoefening Person; Examenvraag Toledo
H01T3C,Informatica,Oefenzittingen,Oefenzittingen,70,7.25,Ba - Architectuur,"2011 - 2012, 2012 - 2013, 2017 - 2018, 2023 - 2024",Java Bluej Oplossingen; Oplossingen Oefenzittingen; Stof Tot Nadenken
H01T3C,Informatica,Oefenzittingen,Verslagen & Projecten,1,0.04,Ba - Architectuur,2017 - 2018,Het Club Project
H01T3C,Informatica,Oefenzittingen,Labo & Code,24,0.03,Ba - Architectuur,2023 - 2024,Monument Opl; Natuurschoon Opl; Rondreis Opl
H01T3C,Informatica,Samenvattingen,Overig / Other,3,0.17,"Ba - Architectuur, Ba - Computerwetenschappen","2017 - 2018, 2019 - 2020, 2024 - 2025",Begrippenlijst Informatica; Informatica Begrippen En Commando's Xan Decoutere; Linknaarinformaticadrive
H01T4A,DEP,Samenvattingen,Overig / Other,4,53.22,"Ma - Biomedical Engineering, Ma - Chemical Engineering","2010 - 2011, 2017 - 2018, 2025 - 2026","Template Presentation Department Cit; Scan0002; Color Atlas Of Human Anatomy, Volume I Locomotor System (platzer, 3th Ed)"
H01T7D,Architectuurontwerp 1A,Oefenzittingen,Verslagen & Projecten,4,13.15,Ba - Architectuur,2023 - 2024,1 Bira Bundel Ontwerp Media Bram Veerbelen; 1 Bira Selectiebundel 1b Bram Verbelen A3; 1 Bira Selectiebundel 1b Bram Verbelen A4
H01U1A,Constructie van gebouwen 4,Examens,Examens,13,5.45,Ma - Architectuur,"2014 - 2015, 2020 - 2021",Overzicht Vragen2015 (andrew B's Conflicted Copy 2015 06 14); Overzicht Vragen2015 (exemplaar Met Conflict Van Michael Van Steijvoort 2015 05 28); Overzicht Vragen2015 (exemplaar Met Conflict Van Michiel Hubin 2015 06 06) (exemplaar Met Conflict Van Michael Van Steijvoort 2015 06 06)
H01U1A,Constructie van gebouwen 4,Oefenzittingen,Oefenzittingen,1,18.47,Ma - Architectuur,2020 - 2021,Grondmechanica Oefenzitting 1 (15 03)2
H01U1A,Constructie van gebouwen 4,Samenvattingen,Overig / Other,81,388.54,Ma - Architectuur,"2007 - 2008, 2020 - 2021",Analyse Gerechtsgebouw Antwerpen; Materialen Gerechtsgebouw Antwerpen; Analyse Gerechtsgebouw Gent
H01U1A,Constructie van gebouwen 4,Samenvattingen,Samenvattingen,31,102.06,Ma - Architectuur,"2002 - 2003, 2020 - 2021","Bouweconomie Les 4,5 Gebruikskosten Gebouwen (02 03, 03 03); Bouweconomie Les 4,5,6 Gebruikskosten Gebouwen (02 03, 03 03, 09 03); Bouweconomie Les 5 Bijlage (03 03)"
H01U3C,Computationeel ontwerpen,Examens,Examens,8,1.12,Ba - Architectuur,2020 - 2021,"Exam Mathijs Knevels [q1,2 3]; Exam Mathijs Vantrappen Totenmetvraag4 4; Q2 Tiling Panels [simplefied]"
H01U3C,Computationeel ontwerpen,Oefenzittingen,Labo & Code,137,0.33,Ba - Architectuur,"2019 - 2020, 2020 - 2021",Bf Refine 3d Curve; Bf Refine 3d Line; Bf Refine Circle
H01U3C,Computationeel ontwerpen,Oefenzittingen,Oefenzittingen,1,0.03,Ba - Architectuur,2019 - 2020,Noise 1 2 2 Cp34 None Win Amd64
H01U3C,Computationeel ontwerpen,Samenvattingen,Overig / Other,1,0.01,Ba - Architectuur,2020 - 2021,Co Commandos En Syntaxis
H01U3C,Computationeel ontwerpen,Samenvattingen,Samenvattingen,1,0.05,Ba - Architectuur,2023 - 2024,Samenvatting Co Programmastrategieën
H01V0A,Westerse architectuurgeschiedenis: 19e-21e eeuw,Oefenzittingen,Verslagen & Projecten,8,17.45,Ma - Biomedical Engineering,2013 - 2014,Reg1 Demons; Reg2 Understanding Demons; Reg3 Diffdem
H01V0A,Westerse architectuurgeschiedenis: 19e-21e eeuw,Samenvattingen,Slides / Lesmateriaal,12,167.86,Ma - Biomedical Engineering,2013 - 2014,Slides Version 2013 2014; Mia1 Introduction Slides; Mia10 Imageguidedinterventions Slides
H01V8A,Aanvullingen wiskunde,Oefenzittingen,Oefenzittingen,17,6.15,Ba - Architectuur,"2018 - 2019, 2019 - 2020",Av Hfdst5; Modeloplossingen Aw 2019 Oefensessie 02; Modeloplossingen Aw 2019 Oefensessie 1
H01V8A,Aanvullingen wiskunde,Samenvattingen,Overig / Other,8,0.77,Ba - Architectuur,"2018 - 2019, 2019 - 2020, 2023 - 2024",Stappenplan Oplossen Differentiaalvergelijking Améliepetitjean; Mupad Aw Hfst01 Lineairedv 2019; Mupad Aw Hfst02 Fourierreeksen 2019
H01Z2A,Elektrische netwerken,Examens,Examens,54,113.12,Ba - Algemene gemeenschappelijke basis,"2010 - 2011, 2011 - 2012, 2015 - 2016, 2016 - 2017, 2017 - 2018",Alle Examenoplossingen Tot 2021; Elektriciteit Examenvragen Oplossingen; Elektrische Netwerken Examenvragen Jaspervis 2020 2021(1)
H01Z2A,Elektrische netwerken,Oefenzittingen,Oefenzittingen,34,417.93,Ba - Algemene gemeenschappelijke basis,"2010 - 2011, 2011 - 2012, 2021 - 2022, 2023 - 2024, 2024 - 2025",Hs 01; Hs 02; Hs 03
H01Z2A,Elektrische netwerken,Samenvattingen,Overig / Other,6,70.67,Ba - Algemene gemeenschappelijke basis,"2010 - 2011, 2015 - 2016, 2021 - 2022",[2016 17] Stappenplan Elektrische Netwerken Tibo Geenen; Problem Solving Companion; Werkzitting 1 En Nick Hosewol
H01Z2A,Elektrische netwerken,Samenvattingen,Samenvattingen,15,46.57,Ba - Algemene gemeenschappelijke basis,"2014 - 2015, 2015 - 2016, 2016 - 2017, 2019 - 2020, 2021 - 2022","Elektrische Netwerken Synthese (aurian Baudhuin); Elektrische Netwerken Samenvatting Martijn Berger; Formules (hanna Leysen, 2024 2025)"
H02A1A,Declarative Problem Solving Paradigms in AI,Examens,Examens,3,0.45,"Ma - Computer Science, ManaMa - Artificial Intelligence",2024 - 2025,Example Exam Questions; Example Exam Solution; Example Exam Questions
H02A1A,Declarative Problem Solving Paradigms in AI,Oefenzittingen,Oefenzittingen,1,0.02,Ma - Computer Science,2024 - 2025,Extra Modelling Challenges Assignments
H02A1A,Declarative Problem Solving Paradigms in AI,Samenvattingen,Overig / Other,2,0.11,Ma - Computer Science,2024 - 2025,Extra Modeling Challenges; Extra Modelling Challenges Student Solutions
H02A5A,Computer Vision,Examens,Examens,3,0.23,Ma - Computer Science,2022 - 2023,Aplai Theory (danaë Van De Velde); Exampleexam(1); T Exam2223
H02A5A,Computer Vision,Oefenzittingen,Oefenzittingen,6,0.37,Ma - Computer Science,2022 - 2023,Aplai E1(1); Aplai E2; Aplai E3
H02A5A,Computer Vision,Samenvattingen,Overig / Other,2,13.81,"Ma - Computer Science, ManaMa - Artificial Intelligence","2022 - 2023, 2023 - 2024",Bratko Prolog; Minizinc Handbook
H02A5A,Computer Vision,Samenvattingen,Samenvattingen,1,0.0,Ma - Computer Science,2022 - 2023,Cheatsheet Minizinc
H02A5A,Computer Vision,Samenvattingen,Slides / Lesmateriaal,8,6.27,Ma - Computer Science,2022 - 2023,T01 Introduction; T02 Basicmodelling; T03 Conspredicates
H02A6A,Speech Recognition,Examens,Examens,3,1.84,Ma - Computer Science,2020 - 2021,Q 17 01 2017; Questions Jan2019 1; Solutions Jan2019 1
H02A6A,Speech Recognition,Samenvattingen,Slides / Lesmateriaal,12,81.05,Ma - Computer Science,2020 - 2021,Ch10 Systems; Ch1a Intro; Ch1b Human Ear
H02A8A,Audio and Speech Processing,Examens,Examens,2,2.24,Ma - Electrical Engineering,"2017 - 2018, 2018 - 2019",Examenvragen Spraak; Examenvragen
H02A8A,Audio and Speech Processing,Samenvattingen,Slides / Lesmateriaal,10,29.64,Ma - Electrical Engineering,2017 - 2018,Lecture 1; Lecture 1 2pp; Lecture 3
H02A9A,Software for Real-time and Embedded Systems,Samenvattingen,Samenvattingen,1,1.39,Ma - Computer Science,2021 - 2022,Samenvatting Md
H02B1A,Natural Language Processing,Samenvattingen,Overig / Other,1,23.27,ManaMa - Artificial Intelligence,2023 - 2024,Book Speech And Language Processing
H02C1A,Machine Learning and Inductive Inference,Samenvattingen,Samenvattingen,2,12.3,Ma - Biomedical Engineering,2022 - 2023,Machine Learning And Inductive Inference Samenvatting Gladines; Notities Mlii Gladines
H02C3A,Knowledge Representation,Examens,Examens,11,1.13,Ma - Computer Science,2021 - 2022,14 06 13; 15 06 12; 15 06 24
H02C3A,Knowledge Representation,Oefenzittingen,Oefenzittingen,16,2.03,Ma - Computer Science,2021 - 2022,Cheatsheet; Exercise1; Solutions1
H02C3A,Knowledge Representation,Oefenzittingen,Labo & Code,20,0.01,Ma - Computer Science,2021 - 2022,General Model Expansion(1); Sudoku Initial(1); Tsp Initial
H02C3A,Knowledge Representation,Samenvattingen,Slides / Lesmateriaal,6,2.65,Ma - Computer Science,2021 - 2022,Lecture1 Handouts; Lecture2 Handouts; Lecture3 Handouts
H02C5A,Object Oriented Programming,Examens,Examens,2,0.04,Ma - Biomedical Engineering,2023 - 2024,Exam Oop 12 June 2024; Exam Oop 6 September 2024
H02C6A,Data Mining,Examens,Examens,3,1.61,Ma - Computer Science,2019 - 2020,Exam Data Mining 2016; Exam Data Mining 2017; Jdavis Exam
H02C6A,Data Mining,Oefenzittingen,Oefenzittingen,16,3.34,Ma - Computer Science,2019 - 2020,Session2 Solutions; Session3 Solutions; Session4 Solutions
H02C6A,Data Mining,Samenvattingen,Samenvattingen,2,31.61,Ma - Computer Science,2019 - 2020,Course Notes Data Mining; Summary Datamining Ravoet
H02C6A,Data Mining,Samenvattingen,Overig / Other,28,193.59,Ma - Computer Science,2019 - 2020,Session1; Introduction To Linear And Logistic Regression; Session2
H02C6A,Data Mining,Samenvattingen,Slides / Lesmateriaal,22,21.65,Ma - Computer Science,2019 - 2020,10 Jdavis Anomaly; 11 Jdavis Wrapup; 1 Jdavis Intro V2
H02C8A,Information Retrieval and Search Engines,Examens,Examens,1,0.37,Ma - Computer Science,2023 - 2024,2024 Fvar Exam Sample
H02C8A,Information Retrieval and Search Engines,Samenvattingen,Slides / Lesmateriaal,1,89.6,Ma - Computer Science,2023 - 2024,Allslides Vr
H02D1A,Genetic Algorithms and Evolutionary Computing,Examens,Examens,1,0.71,Ma - Computer Science,2023 - 2024,Summery Ea With Solved Exam Questions2023 2024
H02D1A,Genetic Algorithms and Evolutionary Computing,Samenvattingen,Overig / Other,1,0.09,Ma - Mobility and Supply Chain Engineering,2022 - 2023,Overview Of Course Elements 2023 Silke Van Poeyer
H02D1A,Genetic Algorithms and Evolutionary Computing,Samenvattingen,Slides / Lesmateriaal,12,139.87,Ma - Mobility and Supply Chain Engineering,2022 - 2023,1 Python; 10 Cloud Computing Ii; 11 Cloud Computing Iii
H02D2A,Uncertainty in Artificial Intelligence,Examens,Examens,1,8.65,ManaMa - Artificial Intelligence,2023 - 2024,Exam Questions Found In Q&a Solutions By Profs
H02D2A,Uncertainty in Artificial Intelligence,Oefenzittingen,Oefenzittingen,12,2.06,ManaMa - Artificial Intelligence,2023 - 2024,Assignment1; Assignment1 Solution; Assignment2
H02D2A,Uncertainty in Artificial Intelligence,Samenvattingen,Overig / Other,1,13.86,ManaMa - Artificial Intelligence,2023 - 2024,Bayesian Reasoning And Machine Learning
H02D3A,Support Vector Machines: Methods and Applications,Samenvattingen,Overig / Other,5,3.77,Ma - Computer Science,2022 - 2023,Lssvmlab; Svm Int Matlab; Svmes1
H02H6B,Bio-informatics,Examens,Examens,7,139.86,"Ma - Biomedical Engineering, Ma - Mathematical Engineering","2021 - 2022, 2022 - 2023, 2024 - 2025",Bi Exam Questions Annelien Eyskens; Conceptual Overview + Exam Questions Bi (laurens Jansen); Exam 12 June 2023
H02H6B,Bio-informatics,Oefenzittingen,Oefenzittingen,1,0.59,Ma - Biomedical Engineering,2021 - 2022,Vragen 2022 Bio Informatica
H02H6B,Bio-informatics,Samenvattingen,Overig / Other,2,4.64,"Ma - Biomedical Engineering, Ma - Mathematical Engineering","2021 - 2022, 2024 - 2025",Biological Sequence Analysis Probabilistic Models Of Proteins And Nucleic Acids Compress; Theory Questions Bio Informatics Jasper Visterin
H02H6B,Bio-informatics,Samenvattingen,Samenvattingen,9,44.77,"Ma - Biomedical Engineering, Ma - Mathematical Engineering","2019 - 2020, 2020 - 2021, 2021 - 2022, 2022 - 2023, 2025 - 2026",Summary Bio Informatics Annelien Eyskens; Summary Bioinformatics Tiziana Dozin; Alignment
H02H6B,Bio-informatics,Samenvattingen,Slides / Lesmateriaal,1,0.0,Ma - Mathematical Engineering,2019 - 2020,Lecture Recordings
H02J6A,Introduction to Environmental Technology,Examens,Examens,5,2.2,"Ba - Bouwkunde, Ba - Chemische technologie","2011 - 2012, 2017 - 2018, 2020 - 2021, 2022 - 2023",Examenvragen Milieu 2012; Milieu Examenvragen 2; Milieu Examenvragen
H02J6A,Introduction to Environmental Technology,Samenvattingen,Overig / Other,11,42.37,Ba - Bouwkunde,"2012 - 2013, 2017 - 2018, 2019 - 2020, 2022 - 2023",Amoras; Behandelingen Luchtverontreiniging; Definities Milieuproblemen En Technieken Lily Vreven
H02J6A,Introduction to Environmental Technology,Samenvattingen,Samenvattingen,11,36.36,"Ba - Bouwkunde, Ba - Chemische technologie","2008 - 2009, 2010 - 2011, 2017 - 2018, 2018 - 2019, 2021 - 2022",Milieucursus Mijnbouw 2011 Finaal; Notities Seminaries Lily Vreven; Vervoort Tekst Les 1 2
H02J6A,Introduction to Environmental Technology,Samenvattingen,Slides / Lesmateriaal,12,21.51,Ba - Bouwkunde,"2017 - 2018, 2021 - 2022",Seminarie Dijkshoorn Bodemsanering; Seminarie Dijkshoorn Samenvatting; Seminarie T Timmers Due Diligence
H02L4A,Theory and Practice of Urbanism since 1945,Samenvattingen,Samenvattingen,1,0.39,Ma - Architectuur,2020 - 2021,Urbanism Notities
H02P4B,Bouwen en wonen in ontwikkelingslanden,Samenvattingen,Overig / Other,6,0.52,Ma - Architectuur,2020 - 2021,Introductieles Human Settl; Les 1 Human Settl; Les 3 Human Settl
H02U3A,Metals: Production and Recycling,Examens,Examens,1,1.66,Ma - Materials Engineering,2025 - 2026,Mpr Exam Questions
H02U3A,Metals: Production and Recycling,Oefenzittingen,Oefenzittingen,1,1.46,Ma - Materials Engineering,2022 - 2023,All Exercises Emile Verhoestraete
H02U3A,Metals: Production and Recycling,Samenvattingen,Overig / Other,6,2.32,Ma - Materials Engineering,"2023 - 2024, 2025 - 2026",Mpr Table Of Contents; Size Separation; Smeltpunten Etc Chatgpt
H02U3A,Metals: Production and Recycling,Samenvattingen,Samenvattingen,1,23.26,Ma - Materials Engineering,2023 - 2024,Metals Rp Summary Rein Thijs
H02U6A,Polymeercomposieten,Examens,Examens,3,1.75,Ba - Materiaalkunde,"2013 - 2014, 2022 - 2023, 2025 - 2026",Oude Examenvragen Uit De Vtk Wiki; Poco Oud Examenvragen Roel Peetermans; Polymeer Composieten Oud Examen Vragen
H02U6A,Polymeercomposieten,Oefenzittingen,Oefenzittingen,2,15.09,Ba - Materiaalkunde,"2012 - 2013, 2013 - 2014",Polymeercomposieten Denkvragen; Skateboard Practicum Manual 2013
H02U6A,Polymeercomposieten,Samenvattingen,Samenvattingen,4,31.4,Ba - Materiaalkunde,"2009 - 2010, 2012 - 2013, 2024 - 2025, 2025 - 2026",Poco Samenvatting Roel Peetermans; Polymeercomposieten Samenvatting Benji; Esacomp Quick Start Guide
H02U6A,Polymeercomposieten,Samenvattingen,Slides / Lesmateriaal,1,2.65,Ba - Materiaalkunde,2023 - 2024,Poco I Ysw 4 Mesomechanica Opgave
H02U6A,Polymeercomposieten,Samenvattingen,Overig / Other,4,3.36,Ba - Materiaalkunde,"2009 - 2010, 2011 - 2012, 2012 - 2013",Sv Polymeer; Esacomp From Home 27 02 2013; Esacomp Installation Guidelines
H02V3A,Computational Thermodynamics in Materials Design,Examens,Examens,1,0.05,Ma - Materials Engineering,2024 - 2025,Examples Exam Questions
H02V3A,Computational Thermodynamics in Materials Design,Oefenzittingen,Verslagen & Projecten,2,8.02,Ma - Materials Engineering,2024 - 2025,Feedback Report 2; Feedback Report
H02V3A,Computational Thermodynamics in Materials Design,Samenvattingen,Samenvattingen,2,0.27,Ma - Materials Engineering,2024 - 2025,Summary Chatgpt; Summary Texts
H02V3A,Computational Thermodynamics in Materials Design,Samenvattingen,Overig / Other,1,0.02,Ma - Materials Engineering,2024 - 2025,Table Of Contents
H02V8A,Design and Analysis of Experimentation,Examens,Examens,1,11.02,Ma - Materials Engineering,2022 - 2023,Old Exam Questions Marion Cardous
H02V8A,Design and Analysis of Experimentation,Oefenzittingen,Oefenzittingen,5,22.01,Ma - Materials Engineering,"2022 - 2023, 2025 - 2026",Solutions Manual For Design And Analysis Of Experiments 8th Ed – Douglas Montgomery; Design And Analysis Of Experimentation H02v8a Solutions Ex; Exercise Session 1 Marion Cardous
H02V8A,Design and Analysis of Experimentation,Oefenzittingen,Verslagen & Projecten,1,1.34,Ma - Materials Engineering,2025 - 2026,Report Design Analysis Of Experimentation L Huang S Lathouwers
H02V8A,Design and Analysis of Experimentation,Samenvattingen,Overig / Other,4,3.85,Ma - Materials Engineering,2025 - 2026,Da Of Experimentation Saramarie Delcourte Rein Thijs Compressed; Design And Analysis Project Roxanne And Marion Compressed; Mnms Catapult Compressed
H02W8A,Materials Characterisation Techniques II,Examens,Examens,1,0.05,Ma - Materials Engineering,2024 - 2025,Examples Exam Questions De Wolf
H02W8A,Materials Characterisation Techniques II,Samenvattingen,Samenvattingen,2,1.97,Ma - Materials Engineering,2024 - 2025,Materials Characterization Techniques Ii Summary De Wolf Part; Materials Characterization Techniques Ii Summary Seo Part
H02W8A,Materials Characterisation Techniques II,Samenvattingen,Overig / Other,1,3.45,Ma - Materials Engineering,2024 - 2025,Materials Characterization Techniques Ii
H03C8A,Resource Recovery and Recycling,Examens,Examens,3,27.5,Ma - Chemical Engineering,2022 - 2023,Exam Rrr Questions; Exam Rrr Solutions (han Stulens); Exam Rrr Solutions (willem De Brandt)
H03C8A,Resource Recovery and Recycling,Samenvattingen,Slides / Lesmateriaal,9,32.31,Ma - Chemical Engineering,"2022 - 2023, 2025 - 2026",Firing Diagram Explained; Lecture 1 Introduction; Lecture 2 Landfilling
H03C8A,Resource Recovery and Recycling,Samenvattingen,Samenvattingen,1,0.16,Ma - Chemical Engineering,2025 - 2026,Resource Recovery And Recycling Lbk Wiki
H03C8A,Resource Recovery and Recycling,Samenvattingen,Overig / Other,1,0.32,Ma - Chemical Engineering,2025 - 2026,Rrr Examquestions
H03D9A,Nonlinear Systems,Examens,Examens,1,0.28,Ma - Mathematical Engineering,2023 - 2024,Examenvragen Nonlinear Systems 2024
H03D9A,Nonlinear Systems,Samenvattingen,Samenvattingen,1,8.28,Ma - Mathematical Engineering,2024 - 2025,Samenvatting Nl Aram Lissens
H03E1B,System Identification and Modeling,Samenvattingen,Samenvattingen,1,18.34,Ma - Mathematical Engineering,2021 - 2022,Summary [eng] (veronique Lenaerts 2021 2022)
H03E3A,Optimization,Examens,Examens,1,26.97,Ma - Mathematical Engineering,2021 - 2022,Sample Problems For Exams (dutch) (paul Van Tieghem)
H03E3A,Optimization,Oefenzittingen,Oefenzittingen,1,7.06,Ma - Mathematical Engineering,2025 - 2026,Solutions All Theory Questions Toledo (maarten De Baecke)
H03E3A,Optimization,Samenvattingen,Overig / Other,2,1.37,Ma - Mechanical Engineering,2017 - 2018,Example12 1(1); Example12 1(2)
H03E3A,Optimization,Samenvattingen,Samenvattingen,1,15.14,Ma - Mathematical Engineering,2021 - 2022,Summary [eng] (veronique Lenaerts 2021 2022)
H03F0A,exam (for int students,Examens,Examens,1,0.18,Ma - Biomedical Engineering,2017 - 2018,Exam (for Int Students But Has Also Example Questions)
H03F0A,exam (for int students,Samenvattingen,Overig / Other,1,2.79,Ma - Biomedical Engineering,2019 - 2020,Human Cell Biology Questions (1)
H03F0A,exam (for int students,Samenvattingen,Samenvattingen,1,0.08,Ma - Biomedical Engineering,2019 - 2020,Samenvatting Sarah Muys
H03F6A,Industriële stage: Elektrotechniek / Industrial Internship: Electrical Engineering,Samenvattingen,Samenvattingen,1,5.0,Ma - Biomedical Engineering,2023 - 2024,Electronical Medical Equipment Anki Flashcards (2024 2025)
H03F6A,Industriële stage: Elektrotechniek / Industrial Internship: Electrical Engineering,Samenvattingen,Slides / Lesmateriaal,10,9.22,Ma - Biomedical Engineering,2025 - 2026,"Lecture 10 Brain Stimulators, Eeg, Electrical Stimulators; Lecture 1 Introduction, Therapy, Diagnosis; Lecture 2 Ecg, Pacemakers, Defibrillators"
H03G0A,bioethics,Samenvattingen,Samenvattingen,1,0.96,Ma - Biomedical Engineering,2019 - 2020,Samenvatting Bioethics Sarah Muys
H03G3B,Deterministic and Stochastic Integration Techniques,Examens,Examens,4,1.09,Ma - Mathematical Engineering,2024 - 2025,Examen Dsi 17 6 2019; Examen Dsi 26 6 2018; Oplossing Dsi 17 6 2019
H03G3B,Deterministic and Stochastic Integration Techniques,Oefenzittingen,Oefenzittingen,1,0.03,Ma - Mathematical Engineering,2024 - 2025,Oplossingen Dsi 23 24
H03G3B,Deterministic and Stochastic Integration Techniques,Oefenzittingen,Labo & Code,1,0.0,Ma - Mathematical Engineering,2022 - 2023,Oz1
H03G3B,Deterministic and Stochastic Integration Techniques,Samenvattingen,Samenvattingen,2,20.54,Ma - Mathematical Engineering,2021 - 2022,Classnotes Stochastic Part (veronique Lenaerts 2021 2022); Summary Stoch (veronique Lenaerts 2021 2022)
H03G5A,Advanced Methods in Cryptography,Oefenzittingen,Oefenzittingen,6,0.93,Ma - Electrical Engineering,2025 - 2026,Solution Game Based Definitions; Solution Linear Cryptanalysis; Solution Lwe Sis
H03G5A,Advanced Methods in Cryptography,Samenvattingen,Overig / Other,2,4.82,Ma - Electrical Engineering,2025 - 2026,Book Nigel Smart; Model Exam
H03H5A,Medical Imaging,Examens,Examens,7,3.89,Ma - Biomedical Engineering,"2021 - 2022, 2022 - 2023, 2023 - 2024",Exam Questions 14 06 24; Exam Questions Medical Imaging And Analysis 2022; Exam Questions Mri
H03H5A,Medical Imaging,Oefenzittingen,Oefenzittingen,1,0.03,Ma - Biomedical Engineering,2017 - 2018,Site With Solutions
H03H5A,Medical Imaging,Samenvattingen,Overig / Other,7,170.99,Ma - Biomedical Engineering,"2017 - 2018, 2022 - 2023",Conceptual Overview (laurens Jansen); Miaa Oz Annelien Eyskens; Student Course Text Medical Imaging And Analysis Dennis Jouhannet
H03H5A,Medical Imaging,Samenvattingen,Slides / Lesmateriaal,8,21.68,Ma - Biomedical Engineering,"2021 - 2022, 2025 - 2026",Explanation Of Slides 1 12 And 20 24 Mri Tiziana Dozin; Lecture 1 Definitions And Image Operations; Lecture 2 Radiography
H03H5A,Medical Imaging,Samenvattingen,Samenvattingen,15,130.97,Ma - Biomedical Engineering,"2017 - 2018, 2019 - 2020, 2022 - 2023, 2023 - 2024, 2024 - 2025",Miaa Notes Annelien Eyskens; Mia 1 Anki Flashcards (2024 2025); 1 Introduction
H03H7A,Biomedical Measurements and Stimulation,Examens,Examens,3,3.42,Ma - Biomedical Engineering,"2021 - 2022, 2022 - 2023",Bms Examenvragen Gebundeld; Exam 16 Januari 2023; Examen Jan:feb 2022
H03H7A,Biomedical Measurements and Stimulation,Samenvattingen,Overig / Other,4,5.07,Ma - Biomedical Engineering,"2017 - 2018, 2021 - 2022",Inhoudsopgave Biomedical Measurements; Altium Beginner; Cde Library
H03H7A,Biomedical Measurements and Stimulation,Samenvattingen,Samenvattingen,6,4.26,Ma - Biomedical Engineering,"2017 - 2018, 2023 - 2024, 2025 - 2026",Altium Beginner Guide; Chapter1 Electrodesystems; Chapter2 Instrumental Amplifiers And Stability
H03H7A,Biomedical Measurements and Stimulation,Samenvattingen,Slides / Lesmateriaal,7,7.44,Ma - Biomedical Engineering,2025 - 2026,Lecture 1 Introduction; Lecture 2 Wet Etching; Lecture 3 Dry Etching
H03I2A,Biomedical Data Processing,Examens,Examens,1,7.92,Ma - Biomedical Engineering,2021 - 2022,Examenvragen Bdp
H03I2A,Biomedical Data Processing,Oefenzittingen,Oefenzittingen,1,10.56,Ma - Biomedical Engineering,2021 - 2022,Notities Exercise Session 1 & 2
H03I2A,Biomedical Data Processing,Oefenzittingen,Labo & Code,7,173.38,Ma - Biomedical Engineering,2017 - 2018,Detectiontask; Ecg 22; Ecg 23
H03I2A,Biomedical Data Processing,Samenvattingen,Overig / Other,5,69.65,Ma - Biomedical Engineering,"2017 - 2018, 2022 - 2023",Crash Course Biomedical Data Processing 22 23 Gladines; Biomedical Signal Analysis; Digital Signal Processing By Li Tan
H03I2A,Biomedical Data Processing,Samenvattingen,Samenvattingen,12,14.08,Ma - Biomedical Engineering,"2021 - 2022, 2023 - 2024, 2025 - 2026",Summary Modules Bdp Tiziana Dozin; Chapter 3 Filtering For Removal Of Artifacts; Comparison Of Classification Algorithms
H03I4D,Human System Physiology,Examens,Examens,7,65.2,"Ba - Biomedische technologie, Ma - Biomedical Engineering","2013 - 2014, 2017 - 2018, 2020 - 2021, 2024 - 2025",Exam Hsp Questions (willem De Brandt); Exam Hsp Solutions (willem De Brandt); Exam Questions Hsp
H03I4D,Human System Physiology,Samenvattingen,Overig / Other,4,518.28,"Ba - Biomedische technologie, Ma - Biomedical Engineering",2020 - 2021,Human Physiology H1 H6 (annelien Eyskens); Human Physiology H7 H20 (annelien Eyskens); Human Physiology H1 H6 (annelien Eyskens)
H03I4D,Human System Physiology,Samenvattingen,Samenvattingen,10,9.2,Ba - Biomedische technologie,"2020 - 2021, 2021 - 2022",Chapter 1 Cell Physiology; Chapter 12 Reproduction; Chapter 14 Introduction To The Cardiovascular System
H03J3A,Mechanobiology,Examens,Examens,1,0.02,Ma - Biomedical Engineering,2023 - 2024,Examen Mechanobiology June2024
H03J3A,Mechanobiology,Samenvattingen,Overig / Other,1,13.95,Ma - Biomedical Engineering,2022 - 2023,Mechanobiology 21 22 Gladines
H03J3A,Mechanobiology,Samenvattingen,Slides / Lesmateriaal,5,9.13,Ma - Biomedical Engineering,2025 - 2026,Lecture 1 Introduction To Mechanobiology; Lecture 2 Origin Of Cellular Force; Lecture 3 Mechanotransduction
H03J3A,Mechanobiology,Samenvattingen,Samenvattingen,2,3.05,Ma - Biomedical Engineering,"2023 - 2024, 2025 - 2026",Mechanobiology Anki Flashcards (2024 2025); Traction Force Microscopy
H03K7A,Sociologie,Examens,Examens,1,0.12,Ma - Architectuur,2022 - 2023,Sociologie Examenvragen
H03L1B,Bouweconomie,Examens,Examens,3,4.61,"Ba - Architectuur en omgeving, Ma - Architectuur","2020 - 2021, 2022 - 2023",Bouweconomie Examenvragen Opgelost; Bouweconomie Examen 2021; Bouweconomie Examenvragen Lily Vreven
H03L1B,Bouweconomie,Samenvattingen,Overig / Other,3,20.46,"Ba - Architectuur en omgeving, Ma - Architectuur","2020 - 2021, 2022 - 2023",Bouweconomie Niels; Bouweconomie En Systeembouw; Bouweconomie Begrippen En Concepten Lily Vreven
H03L1B,Bouweconomie,Samenvattingen,Samenvattingen,9,6.42,"Ba - Architectuur en omgeving, Ma - Architectuur","2019 - 2020, 2021 - 2022",Samenvatting Bouweconomie Juni 2020; H1 Samenvatting; H10 Samenvatting
H03L1B,Bouweconomie,Samenvattingen,Slides / Lesmateriaal,1,4.63,Ba - Architectuur en omgeving,2022 - 2023,Bouweconomie Notities Bij Slides Lily Vreven
H03P1B,Constructiecomponenten: staal en hout,Oefenzittingen,Oefenzittingen,7,14.09,Ba - Bouwkunde,2017 - 2018,Additional Info Oef1; Fire Safety; Interactie Kip Knik
H03P1B,Constructiecomponenten: staal en hout,Samenvattingen,Overig / Other,6,2.62,Ma - Energy,"2005 - 2006, 2008 - 2009",Coil 1410478; Condensatoren; Opamp Lm324 D
H03P1B,Constructiecomponenten: staal en hout,Samenvattingen,Samenvattingen,1,7.2,Ba - Bouwkunde,2019 - 2020,Samenvatting Oscar Neyrinck 2020
H03P7A,"Constructiecomponenten: gewapend beton, deel 1",Examens,Examens,3,0.36,Ma - Civil Engineering,2017 - 2018,14 Januari; 17 Januari; 24 Januari
H03P7A,"Constructiecomponenten: gewapend beton, deel 1",Oefenzittingen,Oefenzittingen,15,5.13,Ma - Civil Engineering,"2017 - 2018, 2023 - 2024",Aanvulling Oefz 4 Opgv 4; Console; Exercises Full Eng 23 24
H03P7A,"Constructiecomponenten: gewapend beton, deel 1",Samenvattingen,Overig / Other,2,11.44,Ba - Architectuur,2020 - 2021,Beton Oefeningen 2021; Beton Sv Xandecoutere
H03T3A,Zaalakoestiek en lichttechniek,Oefenzittingen,Verslagen & Projecten,10,45.71,Ma - Civil Engineering,2018 - 2019,B1 Dialuxmodellampen; B1 Grondplan; B2 Absorptieennagalmtijd
H03U4A,Biomaterials,Examens,Examens,9,1.36,"Ma - Biomedical Engineering, Ma - Chemical Engineering, Ma - Materials Engineering","2019 - 2020, 2021 - 2022, 2022 - 2023, 2023 - 2024, 2025 - 2026",Biomaterials I Exam Question Solution (chatgtp); Exam Q's Biomaterials Annelies Verreth; Examenvragen 2020 2021
H03U4A,Biomaterials,Samenvattingen,Overig / Other,12,231.38,"Ma - Biomedical Engineering, Ma - Chemical Engineering, Ma - Materials Engineering","2017 - 2018, 2022 - 2023, 2025 - 2026","Biomaterials Overview (laurens Jansen); Narayan Biomedical Materials; Park & Lakes Biomaterials, An Introduction"
H03U4A,Biomaterials,Samenvattingen,Samenvattingen,13,11.59,"Ma - Biomedical Engineering, Ma - Chemical Engineering, Ma - Materials Engineering","2021 - 2022, 2022 - 2023, 2023 - 2024, 2025 - 2026",Samenvatting Biomaterials Dennis Jouhannet; Summary Biomaterials For Traumatology; Samenvatting Biomaterials Dennis Jouhannet
H03U4A,Biomaterials,Samenvattingen,Slides / Lesmateriaal,6,24.19,"Ma - Biomedical Engineering, Ma - Chemical Engineering, Ma - Materials Engineering","2021 - 2022, 2025 - 2026",Summary Biomaterials In Cardiac Surgery; Summary Biomaterials In Cardiac Surgery Tiziana; Biomaterials Ceramics
H03Y1A,Theory of Elasticity and Plasticity,Examens,Examens,25,170.98,Ma - Mechanical Engineering,"2014 - 2015, 2017 - 2018, 2020 - 2021, 2021 - 2022, 2022 - 2023",E&p Examenvragen Afgelopen Jaren Oldvtk; E&p 2026 Reconstructies; E&p Exam 2013 01 14
H03Y1A,Theory of Elasticity and Plasticity,Oefenzittingen,Oefenzittingen,106,258.85,Ma - Mechanical Engineering,"2017 - 2018, 2020 - 2021, 2021 - 2022, 2022 - 2023, 2023 - 2024",E&p Exercises (unknown); E&p Exercises Solutions Nl (robin Ska); E&p Exercises Solutions Nl
H03Y1A,Theory of Elasticity and Plasticity,Samenvattingen,Slides / Lesmateriaal,34,135.04,Ma - Mechanical Engineering,"2022 - 2023, 2023 - 2024, 2024 - 2025",Ep Slides C10; Ep Allslides; Ep Slides C10 Plasticity P1
H03Y1A,Theory of Elasticity and Plasticity,Samenvattingen,Samenvattingen,11,101.75,Ma - Mechanical Engineering,"2017 - 2018, 2020 - 2021, 2023 - 2024, 2025 - 2026",Samenvatting Korneel; Samenvatting Elasticiteitplasticiteit (lukasvandenbroeck); Summary Theory Of Elasticity And Plasticity
H03Y1A,Theory of Elasticity and Plasticity,Samenvattingen,Overig / Other,7,50.19,Ma - Mechanical Engineering,2017 - 2018,1; 2; 3
H03Z0A,Monumentenzorg,Examens,Examens,3,0.11,Ma - Architectuur,2022 - 2023,Bhc Exam A5 Vv; Bhc Examenvragen Vv; Examenvragen Built Heritage Tessygeldof
H03Z0A,Monumentenzorg,Samenvattingen,Samenvattingen,27,180.21,Ma - Architectuur,"2015 - 2016, 2016 - 2017, 2020 - 2021",Monumentenzorg Les 13 Okt; Monumentenzorg Les 3 Nov Nele; Monumentenzorg Les 3 Nov
H04A0A,Power Systems,Examens,Examens,6,7.25,Ma - Energy,"2014 - 2015, 2015 - 2016",Exam Power Systems 15 01 2016; Exam Power Systems 16 01 2015; Exam Power Systems 25 01 2016
H04A0A,Power Systems,Oefenzittingen,Oefenzittingen,1,0.83,Ma - Energy,2011 - 2012,Oplossingen Oefeningen
H04A0A,Power Systems,Samenvattingen,Samenvattingen,12,13.66,Ma - Energy,"2010 - 2011, 2015 - 2016",Samenvatting Power Systems; Cursus Basiselementen H1; Cursus Basiselementen H10
H04A0A,Power Systems,Samenvattingen,Overig / Other,5,23.2,Ma - Energy,"2007 - 2008, 2010 - 2011, 2017 - 2018",Power Systems All Pictures; Steunisolator; Transformers Handbook
H04A0A,Power Systems,Samenvattingen,Slides / Lesmateriaal,10,36.18,Ma - Energy,2010 - 2011,Hoofdstuk 1 Liberalization; Hoofdstuk 2 Presentatie; Hoofdstuk 3 Presentatie Pieter Versie 2
H04A2A,Power Electronics,Examens,Examens,9,1.76,Ma - Energy,"2010 - 2011, 2013 - 2014, 2014 - 2015, 2015 - 2016, 2018 - 2019",Examenbespreking; 017; Examen Vermogenelektronica 13 Januari 2020 13u30 + Oplossing Van Bogaert Bram
H04A2A,Power Electronics,Oefenzittingen,Oefenzittingen,3,0.99,Ma - Energy,2010 - 2011,Thermische Berekeningen Opgave; Recitifier Exercises; Flyback Opgave
H04A2A,Power Electronics,Oefenzittingen,Verslagen & Projecten,7,5.7,Ma - Energy,2019 - 2020,Laboverslag 1 1 Snubbers; Laboverslag 1 2 Thermal Calculations; Laboverslag 2 1 Rectifiers
H04A2A,Power Electronics,Samenvattingen,Samenvattingen,4,41.2,Ma - Energy,"2010 - 2011, 2014 - 2015",Cursustekst Vermogenelektronica 0708; Mohan Power Electronics Converters Applications And Design; Statcom Modelling
H04A2A,Power Electronics,Samenvattingen,Overig / Other,10,1.46,Ma - Energy,"2010 - 2011, 2013 - 2014",Berekeningen Snubber; Labo; Labo
H04A2A,Power Electronics,Samenvattingen,Slides / Lesmateriaal,23,49.61,Ma - Energy,"2010 - 2011, 2018 - 2019",Snubbers; Componenten Vermogenelektronica; Dc Dc
H04A4A,"Electrical Drives; Advanced Topics in Electrical Machines, including Implementation Aspects",Oefenzittingen,Verslagen & Projecten,4,0.38,Ma - Energy,"2010 - 2011, 2011 - 2012",Ive Verslag Rendementsbepaling; Report Efficiency Determination Of An Induction Motor; Verslag
H04A4A,"Electrical Drives; Advanced Topics in Electrical Machines, including Implementation Aspects",Samenvattingen,Overig / Other,16,15.84,Ma - Energy,"2010 - 2011, 2011 - 2012, 2015 - 2016, 2016 - 2017, 2017 - 2018","Comparisoned; Control Types (2025 2026, Ief); Koppelmeting"
H04A4A,"Electrical Drives; Advanced Topics in Electrical Machines, including Implementation Aspects",Samenvattingen,Samenvattingen,9,11.17,Ma - Energy,"2010 - 2011, 2017 - 2018",Cursusmateriaaloverzicht H04a6 0809; 1 Basisbegrippen Aandrijvingen; 2 Dtc
H04A9A,Power System Calculations,Examens,Examens,5,6.36,Ma - Energy,"2015 - 2016, 2019 - 2020, 2024 - 2025",Psc Exam 3 6; Exam Questions Psc 2014 June 17; Exam Questions Psc 2014 June 17 Oral
H04A9A,Power System Calculations,Oefenzittingen,Oefenzittingen,33,155.5,Ma - Energy,"2004 - 2005, 2013 - 2014, 2015 - 2016, 2018 - 2019, 2019 - 2020",Solutions Manual Grainger Stevenson; Psc Oefenzittingen Martijn Berger; Ch12soln
H04A9A,Power System Calculations,Samenvattingen,Overig / Other,2,43.86,Ma - Energy,"2015 - 2016, 2016 - 2017","[d Das] Electrical Power Systems(great Book For Psc); Book Power System Analysis Stevenson, Grainger"
H04A9A,Power System Calculations,Samenvattingen,Slides / Lesmateriaal,3,2.1,Ma - Energy,"2004 - 2005, 2018 - 2019",Ch10 Sol; Ch11 Sol; Exercise 3 Admittance Matrix And Power Flow Slides
H04B5B,Nuclear Energy: Basic Aspects,Examens,Examens,5,6.59,Ma - Energy,"2011 - 2012, 2014 - 2015, 2018 - 2019, 2024 - 2025",Examenvragen Kern; Examenvragen Kernenergie; Nuclear Energy Exams
H04B5B,Nuclear Energy: Basic Aspects,Samenvattingen,Overig / Other,3,46.15,Ma - Energy,"2014 - 2015, 2017 - 2018",Nucl 17 1; Ne Introduction To Nuclear Engineering L&b 3rd Ed; Ne Principles Practices And Prospects Bodansky Springer 2nd Ed
H04B5B,Nuclear Energy: Basic Aspects,Samenvattingen,Slides / Lesmateriaal,32,248.89,Ma - Energy,"2018 - 2019, 2024 - 2025",2 Interaction Rad&matter Alpha&beta 2015 2016; 3 Interaction Rad&matter Gamma&neutrons 2015 2016; New Reactors Overview 2015 2016
H04C1B,Renewable Energy,Examens,Examens,8,5.03,Ma - Energy,"2014 - 2015, 2015 - 2016, 2022 - 2023",Exam 14 06 2016; Exam Renewables 6 6 15; Hernieuwbare Energie Examenvragen Eng
H04C1B,Renewable Energy,Samenvattingen,Overig / Other,3,52.89,Ma - Energy,2015 - 2016,"[ronald Dipippo] Geothermal Power Plants, Second E(bookzz Org); Rene 3 1; Rene 3 2"
H04C1B,Renewable Energy,Samenvattingen,Samenvattingen,7,54.39,Ma - Energy,"1999 - 2000, 2013 - 2014, 2015 - 2016, 2016 - 2017",Notes Renewable Energy 2013 2014 Part 1; Notes Renewable Energy 2013 2014 Part 2; Renewable Energy Part 1 Md
H04C2A,Energy Markets and Regulation,Examens,Examens,3,0.07,Ma - Energy,"2012 - 2013, 2013 - 2014, 2022 - 2023",Energy Markets And Regulations Exam Questions [2022 2023]; Meerkeuzevragen 2014; Vragenra 2013
H04C2A,Energy Markets and Regulation,Oefenzittingen,Oefenzittingen,1,8.91,Ma - Energy,2023 - 2024,Thesis Optional Assignment
H04C2A,Energy Markets and Regulation,Samenvattingen,Samenvattingen,3,19.22,Ma - Energy,"1999 - 2000, 2013 - 2014, 2015 - 2016",Regulatory Affairs Summary; Notes Regulatory Affairs 2013 2014; Regulatory Affairs Md
H04C4A,Energy Economics,Examens,Examens,11,3.21,Ma - Energy,"2005 - 2006, 2009 - 2010, 2010 - 2011, 2013 - 2014, 2014 - 2015",Examen2005 2006 Ir Energie Economie; 10 June 2014 Ir Energy Economics Exam Questions+solution; Exam Energy Economics Ir 2016 June 6+solution
H04C4A,Energy Economics,Oefenzittingen,Oefenzittingen,13,2.38,Ma - Energy,"2017 - 2018, 2022 - 2023",Numerical Solutions Exercises Energy Economics; Chapter 1; Chapter 10
H04C4A,Energy Economics,Oefenzittingen,Verslagen & Projecten,2,2.87,Ma - Energy,2011 - 2012,Nordhausaer1996paper; Sternclimatechangeaer2008paper 1
H04C4A,Energy Economics,Samenvattingen,Overig / Other,12,17.48,Ma - Energy,"1996 - 1997, 2010 - 2011, 2011 - 2012, 2013 - 2014, 2015 - 2016",Ch2 All N Models Dynamic Optimization Tietenberg; Explantion N Period Model Pages 27 40; Intro To Microeconomics Purdue University Dr David A Dilts
H04C4A,Energy Economics,Samenvattingen,Samenvattingen,1,4.37,Ma - Energy,2011 - 2012,Studentencursus
H04D0A,Industrial Automation and Control,Samenvattingen,Overig / Other,3,34.46,Ma - Energy,"2016 - 2017, 2019 - 2020",20120823examenh04d0; Feedback Control Of Dynamic Systems 7th Franklin [text]; Overzicht Inhoud Ic&a
H04D8A,Communication Skills for a Technical and Organisational Context,Samenvattingen,Slides / Lesmateriaal,2,25.38,"Ma - Algemeen vormende onderdelen, Ma - Mechanical Engineering",2017 - 2018,Brieven Presentatie; Brieven Presentatie
H04D8A,Communication Skills for a Technical and Organisational Context,Samenvattingen,Overig / Other,2,6.16,"Ma - Algemeen vormende onderdelen, Ma - Mechanical Engineering",2013 - 2014,Communicatievaardigheid 2014; Communicatievaardigheid 2014
H04E0A,Engineering Ethics,Samenvattingen,Samenvattingen,1,0.39,Ma - Algemeen vormende onderdelen,2023 - 2024,Samenvatting Plichtenleer Ward Lievens
H04I0A,Industrial Internet Infrastructure,Samenvattingen,Overig / Other,1,0.14,Ma - Computer Science,2021 - 2022,Acronyms
H04J7A,Environmental and Transportation,Examens,Examens,25,2.43,"Ma - Algemeen vormende onderdelen, Ma - Energy, Ma - Mechanical Engineering, Ma - Mobility and Supply Chain Engineering","2004 - 2005, 2005 - 2006, 2006 - 2007, 2007 - 2008, 2008 - 2009",Exam Environmental And Transport Economics January 2015 Solutions; Exam Environmental And Transportation Economics Jan 2014 B With Completed Solution; Exam January 2006 Env Transpsolutionsslides
H04J7A,Environmental and Transportation,Oefenzittingen,Oefenzittingen,11,1.63,"Ma - Algemeen vormende onderdelen, Ma - Energy, Ma - Mechanical Engineering, Ma - Mobility and Supply Chain Engineering","2016 - 2017, 2017 - 2018, 2019 - 2020, 2020 - 2021, 2022 - 2023",Examjan2005transportoplossingen; Examjan2005transport+oplossingen; Examsample2+solutions
H04J7A,Environmental and Transportation,Samenvattingen,Overig / Other,5,0.77,"Ma - Algemeen vormende onderdelen, Ma - Mechanical Engineering, Ma - Mobility and Supply Chain Engineering",2022 - 2023,Overview 2023 Silke Van Poeyer; Discussion Questions Solved By Whole Master 2023; Overview 2022 2023 Silke Van Poeyer
H04J7A,Environmental and Transportation,Samenvattingen,Slides / Lesmateriaal,15,100.13,"Ma - Algemeen vormende onderdelen, Ma - Mobility and Supply Chain Engineering",2022 - 2023,0 Rubrics; 1 Foundations; 2 Valuation
H04K5A,Development of Secure Software,Examens,Examens,1,0.34,Ma - Computer Science,2021 - 2022,Dss Examenvragen
H04K5A,Development of Secure Software,Samenvattingen,Overig / Other,59,0.44,Ma - Computer Science,"2017 - 2018, 2021 - 2022",Dss Begrippen; 1 The Web Security Fundamentals Course; 2 The Terrifying State Of Affairs
H04K5A,Development of Secure Software,Samenvattingen,Samenvattingen,1,0.36,Ma - Computer Science,2019 - 2020,Samenvatting Mooc
H04K5A,Development of Secure Software,Samenvattingen,Slides / Lesmateriaal,11,23.94,Ma - Computer Science,2018 - 2019,1 Introduction 2019; 2 Software Security Concepts 2019; 3 Memory Management Vulnerabilities 2019
H04M0B,Eindige elementen,Examens,Examens,13,12.52,"Ma - Civil Engineering, Ma - Energy","2012 - 2013, 2013 - 2014, 2017 - 2018, 2018 - 2019, 2019 - 2020",Examen Numerical Methods 1 09 2014; Finite Elements 2013 2014 Example Exam Questions; Examen Fem1 2019 Oscar
H04M0B,Eindige elementen,Oefenzittingen,Verslagen & Projecten,5,5.47,"Ma - Civil Engineering, Ma - Energy","2017 - 2018, 2018 - 2019",Lab Session 2 Report Final; Lab Session 3 Report; Report Lab Session 4
H04M0B,Eindige elementen,Oefenzittingen,Oefenzittingen,19,50.67,Ma - Civil Engineering,"2017 - 2018, 2019 - 2020, 2021 - 2022, 2023 - 2024",Opgaven01; Oplossing01; Finite Elements 1
H04M0B,Eindige elementen,Samenvattingen,Samenvattingen,23,44.1,"Ma - Civil Engineering, Ma - Energy","2020 - 2021, 2022 - 2023, 2023 - 2024",Summary Anna Delanghe; Summary Lucas Bex; Finite Elements Deel 1 Samenvatting Deel 1
H04M0B,Eindige elementen,Samenvattingen,Overig / Other,41,52.81,"Ma - Civil Engineering, Ma - Energy","2014 - 2015, 2016 - 2017, 2018 - 2019, 2025 - 2026",Table Of Contents; Computational Electromagnetism Alain Bossavit; F Assous Mathematical Foundations Of Computional Elektromagnetism
H04M0B,Eindige elementen,Samenvattingen,Slides / Lesmateriaal,1,7.78,Ma - Energy,2018 - 2019,Bradial
H04M1A,surface technology,Examens,Examens,1,0.02,Ma - Biomedical Engineering,2007 - 2008,Examen 2008 June08 Coatings Surface Engineering
H04M1A,surface technology,Samenvattingen,Overig / Other,34,108.56,Ma - Biomedical Engineering,"2002 - 2003, 2010 - 2011, 2011 - 2012, 2017 - 2018",Application Of Metallic Coatings By Dipping In Molten; Article Cvd Overview Progress Mat Sci 2003; Cleaning Course Ho
H04M1A,surface technology,Samenvattingen,Slides / Lesmateriaal,9,46.84,Ma - Biomedical Engineering,2017 - 2018,Chemical Vapor Deposition Summary And Illustrations Ivan Buijnsters; Course Pvd Slides Made By Ivan Buijnsters Part 3 Cutting Tools; Course01 Laser Irradiation Basics
H04M1A,surface technology,Samenvattingen,Samenvattingen,6,17.8,Ma - Biomedical Engineering,2017 - 2018,Course04 Conversie En Oxidelagen Tekst; Course06 Behandeling Oppervlakken Met Lasers Tekst; Cursus Inleiding
H04M9A,Dynamica van constructies,Oefenzittingen,Verslagen & Projecten,1,4.27,Ma - Civil Engineering,2018 - 2019,Dynamics Report Earthquake Analysis Arthur Rohaert Gilles Vanspeybrouck And Ewout Vereecke
H04M9A,Dynamica van constructies,Oefenzittingen,Labo & Code,21,0.07,Ma - Civil Engineering,2019 - 2020,Class2 Excercise2; Class2 Excercise3; Class2 Excercise4 1
H04M9A,Dynamica van constructies,Oefenzittingen,Oefenzittingen,3,5.45,Ma - Civil Engineering,"2019 - 2020, 2023 - 2024",Dynamics Oefeningen; Opgaven; Readme
H04M9A,Dynamica van constructies,Samenvattingen,Overig / Other,2,16.9,Ma - Civil Engineering,"2017 - 2018, 2018 - 2019",Chopra Dynamics Of Structures; Dynamics Matlab Code Earthquake Analysis Arthur Rohaert Gilles Vanspeybrouck And Ewout Vereecke
H04M9A,Dynamica van constructies,Samenvattingen,Samenvattingen,12,13.22,Ma - Civil Engineering,"2021 - 2022, 2023 - 2024",Dynamics Samenvatting 2 Oscar; Summary Chapter 0; Summary Chapter 1
H04O1A,Aerodynamics,Examens,Examens,2,0.17,Ma - Mechanical Engineering,"2013 - 2014, 2017 - 2018",Aero Examen 20 01 2014; Nogwatexamenvrageneneenoefening
H04O1A,Aerodynamics,Oefenzittingen,Oefenzittingen,6,73.33,Ma - Mechanical Engineering,"2017 - 2018, 2024 - 2025",Aerodynamica (samenvatting + Oefenzittingen); Oefenzitting1&2 Robin Ska; Exercise Session 1 Aerodynamics
H04O1A,Aerodynamics,Oefenzittingen,Labo & Code,2,0.01,Ma - Mechanical Engineering,2017 - 2018,Compressible Notes Eq143; Joukowski Plots
H04O1A,Aerodynamics,Samenvattingen,Overig / Other,8,125.33,Ma - Mechanical Engineering,"2017 - 2018, 2023 - 2024",1523464 10152147178075758 1337410117 O; 1534723 10152147178345758 265255993 O; Ae301 Ae302 Aerodynamics Sol Manual
H04O1A,Aerodynamics,Samenvattingen,Samenvattingen,10,25.53,Ma - Mechanical Engineering,"2017 - 2018, 2019 - 2020, 2023 - 2024",Alternatieve Afleiding Potentiaalvergelijking; Niet Formularium Formules; Samenvatting Aerodynamica (lukasvandenbroeck)
H04O1A,Aerodynamics,Samenvattingen,Slides / Lesmateriaal,2,40.75,Ma - Mechanical Engineering,2024 - 2025,Slides Aerodynamics Part 1; Slides Aerodynamics Part 2
H04O6A,BEESD,Oefenzittingen,Verslagen & Projecten,9,28.88,Ma - Civil Engineering,2018 - 2019,B1 Breeam Rapport; B2 Totem Rapport Vloer (linoleum); B3 Totem Rapport Vloer (parket)
H04P5A,Embedded Control Systems,Oefenzittingen,Verslagen & Projecten,1,0.34,Ma - Mechanical Engineering,2017 - 2018,Verslag
H04P5A,Embedded Control Systems,Samenvattingen,Overig / Other,9,0.68,Ma - Mechanical Engineering,2025 - 2026,0aad4e07 45ef 4467 93ed 7642289e2854; 149b11aa 2cab 4bea 8ffc 8841570fe5d8; 436da7d4 D4d3 4f85 9a11 2f7df19126a4
H04P9A,Integrated Project,Oefenzittingen,Verslagen & Projecten,18,7.96,Ba - Bouwkunde,"2008 - 2009, 2017 - 2018, 2019 - 2020",Foutenanalyse; Hydraulica Verslag 2009 11 27; Hydraulica Verslag 2009 11 27
H04Q0A,Physics of Nuclear Reactors,Samenvattingen,Overig / Other,3,36.77,Ma - Mechanical Engineering,"2019 - 2020, 2024 - 2025",See Master Energy Phase 1; Ponr Introduction To Nuclear Reactor Theory Lamarsh; Ponr Nuclear Reactor Analysis Duderstadt&hamilton
H04Q1B,Advanced Thermodynamics and Plasma Physics,Examens,Examens,1,0.02,Ma - Mechanical Engineering,2024 - 2025,Examenvragen Advanced Thermodynamics
H04Q4A,Advanced Techniques for Vibro-acoustic Measurement and Analysis,Samenvattingen,Slides / Lesmateriaal,1,0.7,Ma - Mechanical Engineering,2019 - 2020,Summary Diagnostics
H04Q9A,Industriële stage: Werktuigkunde / Industrial Internship: Mechanical Engineering,Samenvattingen,Slides / Lesmateriaal,8,10.46,Ma - Biomedical Engineering,2025 - 2026,Lecture 1 Introduction; Lecture 3 Orthotics And Prostetics; Lecture 4 Arm Prosthesis
H04Q9A,Industriële stage: Werktuigkunde / Industrial Internship: Mechanical Engineering,Samenvattingen,Samenvattingen,1,2.05,Ma - Biomedical Engineering,2023 - 2024,Mechanical Medical Equipment Anki Flashcards (2024 2025)
H04S6A,Mechanical Drive Systems,Examens,Examens,74,94.9,"Ma - Energy, Ma - Mechanical Engineering, Schakel - Werktuigkunde","2014 - 2015, 2018 - 2019, 2019 - 2020, 2022 - 2023, 2023 - 2024",Examen14jan2015; Examen9jan2015; Oude Examenvragen Facebook
H04S6A,Mechanical Drive Systems,Oefenzittingen,Oefenzittingen,35,73.25,"Ma - Energy, Ma - Mechanical Engineering, Schakel - Werktuigkunde","2017 - 2018, 2018 - 2019, 2019 - 2020, 2024 - 2025",1 Pneumaticdrives Exercisesession Solution; 2 Hydraulicdrives Exercisesession; 2 Hydraulicdrives Exercisesession Solution Upd
H04S6A,Mechanical Drive Systems,Oefenzittingen,Labo & Code,6,0.03,"Ma - Energy, Ma - Mechanical Engineering",2017 - 2018,Motor1blokpulsposneg; Mds Ce Lab Diesel (martijn Deckers); Mds Ce Lab Gasoline (martijn Deckers)
H04S6A,Mechanical Drive Systems,Samenvattingen,Samenvattingen,23,80.67,"Ma - Energy, Ma - Mechanical Engineering, Schakel - Werktuigkunde","2017 - 2018, 2018 - 2019, 2022 - 2023, 2023 - 2024, 2025 - 2026",Formularium; Notas Jeroenbelis; Samenvatting Combustionengines (lukasvandenbroeck)
H04S6A,Mechanical Drive Systems,Samenvattingen,Slides / Lesmateriaal,58,349.28,"Ma - Energy, Ma - Mechanical Engineering, Schakel - Werktuigkunde","2011 - 2012, 2017 - 2018, 2018 - 2019, 2024 - 2025",1 Pneumaticdrives Exercisesession; 1 Pneumaticdrives Exercisesession Solution; 2 Hydraulicdrives Exercisesession
H04S6A,Mechanical Drive Systems,Samenvattingen,Overig / Other,24,60.55,"Ma - Energy, Ma - Mechanical Engineering, Schakel - Werktuigkunde","2011 - 2012, 2014 - 2015, 2017 - 2018, 2018 - 2019, 2019 - 2020",Excel Template Natural Convection Horiz Cylinder Si Units; Foto 11 12 14 18 51 39; Foto 11 12 14 18 51 46
H04T1A,DimensioneleMeettechniek,Samenvattingen,Samenvattingen,1,24.36,Schakel - Werktuigkunde,2018 - 2019,Dimensionelemeettechniek Notasjeroen
H04T5A,GevorderdeVerspanendeTechnieken,Samenvattingen,Samenvattingen,2,22.05,Schakel - Werktuigkunde,2018 - 2019,Kruthgevorderdeverspanendetechnieken Notasjeroen; Lauwersgevorderdeverspanendetechnieken Notasjeroen
H04T7A,Niet-conventionele bewerkingsmethoden,Examens,Examens,2,0.03,Schakel - Werktuigkunde,2018 - 2019,Examenvragen 1; Examenvragen Mark Filip
H04T7A,Niet-conventionele bewerkingsmethoden,Samenvattingen,Overig / Other,7,1.65,Schakel - Werktuigkunde,2018 - 2019,Ecm Korsluitprobleem; Vraag Ajm; Vraag Ebm
H04U0A,Computer Integrated Manufacturing,Examens,Examens,19,94.9,Schakel - Werktuigkunde,2018 - 2019,20160125140503888 Am; 20160125140637495 Am; Examenvragen Cadcam
H04U0A,Computer Integrated Manufacturing,Samenvattingen,Overig / Other,10,78.39,Schakel - Werktuigkunde,2018 - 2019,Cim Ludo; Feature Extractie; Production Systems
H04U0A,Computer Integrated Manufacturing,Samenvattingen,Samenvattingen,16,159.63,Schakel - Werktuigkunde,2018 - 2019,Computerintegratedproduction Notasjeroen; Productionmachinesandsystems Notasjeroen; Cad Cam Samenvatting
H04U1C,Optimization of Mechatronic Systems,Examens,Examens,1,7.06,Ma - Mechanical Engineering,2025 - 2026,Solutions All Theory Questions Toledo (maarten De Baecke)
H04U1C,Optimization of Mechatronic Systems,Oefenzittingen,Oefenzittingen,5,1.25,Ma - Mechanical Engineering,2023 - 2024,S1 Convexity Solution; S1 Convexity; Python Instructions
H04U1C,Optimization of Mechatronic Systems,Samenvattingen,Overig / Other,1,0.0,Ma - Mechanical Engineering,2023 - 2024,See Ma Mathematical Engineering\optimization
H04U3A,Numerical Modelling in Mechanical Engineering,Examens,Examens,15,184.11,Ma - Mechanical Engineering,"2017 - 2018, 2018 - 2019, 2019 - 2020, 2021 - 2022, 2024 - 2025",Exam Fe 2022 (simon Beelen); Examenoplossing 17 01 22 (hendrik De Mulder); Exam Questions Nm
H04U3A,Numerical Modelling in Mechanical Engineering,Oefenzittingen,Oefenzittingen,48,67.81,"Ma - Mechanical Engineering, Schakel - Werktuigkunde","2017 - 2018, 2018 - 2019, 2022 - 2023, 2023 - 2024, 2024 - 2025",Cursus H9x34a Sem1; 0 Warning; Seminar1
H04U3A,Numerical Modelling in Mechanical Engineering,Oefenzittingen,Labo & Code,151,2.7,"Ma - Mechanical Engineering, Schakel - Werktuigkunde","2018 - 2019, 2024 - 2025",Transfo Solve Coupled F(2); Transfo Solve Coupled Sol; Footpr F
H04U3A,Numerical Modelling in Mechanical Engineering,Oefenzittingen,Verslagen & Projecten,11,0.09,Ma - Mechanical Engineering,2025 - 2026,Bibliografie; Main; 00titlepage
H04U3A,Numerical Modelling in Mechanical Engineering,Samenvattingen,Overig / Other,20,173.53,"Ma - Mechanical Engineering, Schakel - Werktuigkunde","2017 - 2018, 2018 - 2019, 2022 - 2023, 2023 - 2024",Fdfv+fem Artoerio; Excercises Fdfv (simon Beelen); Mit Von Neumann
H04U3A,Numerical Modelling in Mechanical Engineering,Samenvattingen,Slides / Lesmateriaal,15,51.1,"Ma - Mechanical Engineering, Schakel - Werktuigkunde","2018 - 2019, 2024 - 2025",Sem3 Slides; Lecture 1 Fdfv; Lecture 2 Fdfv
H04U3A,Numerical Modelling in Mechanical Engineering,Samenvattingen,Samenvattingen,3,11.26,Ma - Mechanical Engineering,"2023 - 2024, 2025 - 2026",Finite Difference & Finite Volume Modelling Summary Roel Peetermans; Samenvatting Nummodelling Fd Fv (lukasvandenbroeck); Samenvatting Nummodelling Fem (lukasvandenbroeck)
H04V3A,Additive Manufacturing,Examens,Examens,1,7.2,Ma - Biomedical Engineering,2022 - 2023,Examenvragen Annelien Eyskens
H04V3A,Additive Manufacturing,Samenvattingen,Samenvattingen,2,77.36,Ma - Biomedical Engineering,"2022 - 2023, 2023 - 2024",Am Notes Annelien Eyskens; Additive Manufacturing Anki Flashcards (2024 2025)
H04V3A,Additive Manufacturing,Samenvattingen,Overig / Other,1,2.78,Ma - Biomedical Engineering,2022 - 2023,Overview Part 1 Annelien Eyskens
H04V3A,Additive Manufacturing,Samenvattingen,Slides / Lesmateriaal,9,14.63,Ma - Biomedical Engineering,2025 - 2026,Lecture 10 Production And Properties Of Lattice Structures; Lecture 1 Introduction; Lecture 2 Am Of Polymers
H04V5A,Deterministic Decision Models,Examens,Examens,4,1.45,Schakel - Werktuigkunde,2018 - 2019,Wp 20160114 001; Wp 20160114 002; Wp 20160114 003
H04V5A,Deterministic Decision Models,Oefenzittingen,Oefenzittingen,2,13.71,Schakel - Werktuigkunde,2018 - 2019,Ddm Oefenzitting 1; Ddm Oefenzitting 2
H04V5A,Deterministic Decision Models,Samenvattingen,Overig / Other,8,38.36,Schakel - Werktuigkunde,2018 - 2019,201510211527; Ddm Joris; Deterministic Wr
H04V5A,Deterministic Decision Models,Samenvattingen,Slides / Lesmateriaal,6,2.9,Schakel - Werktuigkunde,2018 - 2019,Chapter 1 And 3 Introduction; Chapter 4 The Simplex Algorithm; Chapter 6 Sensitivity And Duality
H04W0A,Production Machines and Systems,Examens,Examens,3,5.36,Ma - Mechanical Engineering,"2021 - 2022, 2023 - 2024",Examenvragen Computer Integrated Production; Exam 31 1 22; Exam Answers (brecht De Cock)
H04W0A,Production Machines and Systems,Samenvattingen,Samenvattingen,2,2.29,"Ma - Biomedical Engineering, Ma - Mechanical Engineering","2022 - 2023, 2023 - 2024",Production Machines And Systems Summary Dennisjouhannet; Samenvattingpms
H04W6A,Aircraft Performance and Stability,Examens,Examens,4,0.2,Ma - Mechanical Engineering,"2017 - 2018, 2019 - 2020, 2020 - 2021",Ap&s Iii August 2020 1; Ex2 Lesson7; Ex Lesson7
H04W6A,Aircraft Performance and Stability,Oefenzittingen,Oefenzittingen,1,2.02,Ma - Mechanical Engineering,2020 - 2021,H04w6 Exercises Parti Written Solutions
H04W6A,Aircraft Performance and Stability,Oefenzittingen,Labo & Code,18,0.01,Ma - Mechanical Engineering,2020 - 2021,Oef3 11p316; Oef3 13p316; Oef3 3p244
H04W6A,Aircraft Performance and Stability,Samenvattingen,Samenvattingen,2,3.51,Ma - Mechanical Engineering,2017 - 2018,[aps] Afleidingen Formularium; Notes Flight Dynamics
H04W6A,Aircraft Performance and Stability,Samenvattingen,Overig / Other,6,33.43,Ma - Mechanical Engineering,"2017 - 2018, 2020 - 2021","[duane Mcruer, Dunstan Graham, Irving Ashkenas] Ai(bookos Org); [staticstability] Oefeningen Lennert; Oef3 11p316"
H04X3A,Control Theory,Samenvattingen,Samenvattingen,1,9.31,Schakel - Werktuigkunde,2018 - 2019,Nota's Dries Regeltechniek
H04X3B,Systems and Control Theory,Examens,Examens,12,10.14,Ma - Mechanical Engineering,"2013 - 2014, 2016 - 2017, 2017 - 2018, 2023 - 2024",2013 01 14 H04x3a Control Theory; Comp Continuous Discrete Time Ex5 2; Digital Implementation Of Feedback Compensators
H04X3B,Systems and Control Theory,Oefenzittingen,Oefenzittingen,35,24.99,Ma - Mechanical Engineering,"2017 - 2018, 2018 - 2019, 2019 - 2020",Oude Opgaven; Oude Oplossingen; Solution Session1
H04X3B,Systems and Control Theory,Oefenzittingen,Labo & Code,813,5.3,Ma - Mechanical Engineering,"2017 - 2018, 2018 - 2019",Drawellipsecart; Kalman Session 6 Tot4jm; Regeltechniek Oefenzitting 6 7
H04X3B,Systems and Control Theory,Samenvattingen,Overig / Other,13,66.49,Ma - Mechanical Engineering,"2013 - 2014, 2017 - 2018, 2018 - 2019, 2023 - 2024","Exercise Session; Exercise Session67; Gene F Franklin, J Da Powell, Et Al , Feedback Control Of Dynamic Systems (2014)"
H04X3B,Systems and Control Theory,Samenvattingen,Samenvattingen,3,11.83,Ma - Mechanical Engineering,"2017 - 2018, 2018 - 2019, 2025 - 2026",Index Cursus Systems Theory; Sa Formularium; Systems Theory Summary Roel Peetermans
H04X3B,Systems and Control Theory,Samenvattingen,Slides / Lesmateriaal,25,33.32,Ma - Mechanical Engineering,"2017 - 2018, 2019 - 2020, 2024 - 2025",Lecture C10 Optimal Control And Optimal Estimation; Lecture C1 Introduction To Control And The To The Control Theory Course; Lecture C2 Time Responses Of Continuous Time Systems
H04X5A,Spacecraft Technology and Space Environment,Oefenzittingen,Oefenzittingen,1,0.98,Ma - Mechanical Engineering,2020 - 2021,[solution Manual] Orbital Mechanics For Engineering Students Solutions By Howard D Curtis (z Lib Org)
H04X5A,Spacecraft Technology and Space Environment,Samenvattingen,Overig / Other,3,6.52,Ma - Mechanical Engineering,"2015 - 2016, 2017 - 2018, 2020 - 2021",Ex 22 Jan 2016; Excercise 7 Swing By; Orbitalmechanicsforengineeringstudents Aerospaceengineering
H04X7A,Sensors and Measurements Systems,Examens,Examens,1,0.2,Ma - Mechanical Engineering,2020 - 2021,Sms Exam 2020 06 13
H04X7A,Sensors and Measurements Systems,Oefenzittingen,Oefenzittingen,28,63.43,Ma - Mechanical Engineering,"2013 - 2014, 2014 - 2015, 2017 - 2018",Sensors Oefeningen Andries; Dsc 0139 (exemplaar Met Conflict Van Lerten Viroux 2015 06 16); Dsc 0139
H04X7A,Sensors and Measurements Systems,Samenvattingen,Overig / Other,8,40.11,Ma - Mechanical Engineering,"2017 - 2018, 2018 - 2019, 2025 - 2026",Dsc 0146; Dsc 0149; Dsc 0150
H04X7A,Sensors and Measurements Systems,Samenvattingen,Samenvattingen,6,34.77,Ma - Mechanical Engineering,"2015 - 2016, 2017 - 2018, 2021 - 2022, 2022 - 2023, 2023 - 2024",Formularium Sensoren&meetsystemen; S M Formularium Pieter Smet; Samenvatting Sensorenmeetsystemen (lukasvandenbroeck)
H04Y2A,Reliability of Mechanical Systems,Examens,Examens,1,0.01,Ma - Mechanical Engineering,2017 - 2018,Reliability Of Mechanical Systems Examenvragen
H04Y6A,"Turbomachinery, Part 2",Examens,Examens,1,79.99,Ma - Energy,2022 - 2023,Turbomachinery Part 2 Answered Exam Questions(2022 2023) Jarne Van Bogaert
H04Y6A,"Turbomachinery, Part 2",Samenvattingen,Slides / Lesmateriaal,9,31.51,Ma - Energy,2018 - 2019,Tm Ii P Hendrick Blades And Disks Mechanical Design Tekst; Tm Ii P Hendrick Blades And Disks Mechanical Design Figures; Turbomachinery Ii Kul Part 1 V1
H04Y6A,"Turbomachinery, Part 2",Samenvattingen,Overig / Other,5,10.09,Ma - Mechanical Engineering,2017 - 2018,Turbines Mech Deel Figuren; Turbines Mech Deel Tekst; Turbomachinery Ii Kul Part 1 Figures
H04Y7A,Turbulence,Samenvattingen,Overig / Other,1,7.34,Ma - Mechanical Engineering,2020 - 2021,Turb Turbulent Flows Pope
H04Z5A,Combustion,Examens,Examens,1,0.01,Ma - Mechanical Engineering,2019 - 2020,H04z5a Thermochemische Conversie Examen Juni 2020(1)
H04Z5A,Combustion,Oefenzittingen,Verslagen & Projecten,1,1.51,Ma - Mechanical Engineering,2020 - 2021,Paper Helsen Bosmans Elfm Wte (interessant Miss)
H04Z5A,Combustion,Samenvattingen,Overig / Other,14,22.28,Ma - Mechanical Engineering,2020 - 2021,Abosmans Elfm2013 Avoiding Tar Problems; Elfm Iv Nagon Lhelsen Advanced Waste To Resources By Plasma Gasification; Jclepro Bosmans Elfm Wte Review 2012
H04Z5A,Combustion,Samenvattingen,Slides / Lesmateriaal,9,91.15,Ma - Mechanical Engineering,2020 - 2021,Les 1; Les 2; Les 3
H04Z8A,Aircraft Engines,Examens,Examens,5,42.77,Ma - Mechanical Engineering,"2017 - 2018, 2024 - 2025",Engines Oplos Examen Vrg Deel1; Engines Oplos Examen Vrg Deel2; Engines Oplos Examen Vrg Deel3
H04Z8A,Aircraft Engines,Oefenzittingen,Oefenzittingen,85,91.68,Ma - Mechanical Engineering,2017 - 2018,Aircraft Engines Oefenzitting 10 001; Aircraft Engines Oefenzitting 10 002; Aircraft Engines Oefenzitting 10 003
H04Z8A,Aircraft Engines,Samenvattingen,Overig / Other,9,49.81,Ma - Mechanical Engineering,2017 - 2018,1425561 10151930335034500 1132121889 N (1); 1425561 10151930335034500 1132121889 N; 1426231 10151930337474500 1684624559 N
H04Z8A,Aircraft Engines,Samenvattingen,Samenvattingen,89,312.69,Ma - Mechanical Engineering,"2017 - 2018, 2018 - 2019, 2019 - 2020, 2023 - 2024, 2024 - 2025",Ae Formularium; Aircraft Propulsion Koeling Van Turbines (tekst); Alternatieve Afleiding Hugoniot
H05A0A,Analysis of Digital Communication Systems,Examens,Examens,1,0.01,Ma - Electrical Engineering,2017 - 2018,Examen
H05A0A,Analysis of Digital Communication Systems,Oefenzittingen,Oefenzittingen,47,31.72,Ma - Electrical Engineering,"2017 - 2018, 2018 - 2019, 2019 - 2020",! !!! H05b5a Voorbeeldvragen; H05b5a Voorbeeldvragen; 0readme S
H05A0A,Analysis of Digital Communication Systems,Samenvattingen,Overig / Other,12,14.0,Ma - Electrical Engineering,"2017 - 2018, 2020 - 2021",0readme S; Atitle&preface&contents Us 8ed S; Chapter1 S
H05D3A,Computer Architectures,Examens,Examens,1,0.03,Ma - Electrical Engineering,2017 - 2018,Examenvragen Computerarchitecturen
H05D3A,Computer Architectures,Samenvattingen,Overig / Other,5,34.63,Ma - Electrical Engineering,"2017 - 2018, 2018 - 2019, 2019 - 2020","1; Ca Cheat Sheet Ellen Anthonissen; Computer Organization And Design The Hardwaresoftware Interface 5th Edition With All Appendices And Advanced Material By David A Patterson, John L Hennessy"
H05D3A,Computer Architectures,Samenvattingen,Samenvattingen,4,13.09,Ma - Electrical Engineering,"2017 - 2018, 2018 - 2019",Ca Samenvatting Ellen Anthonissen; Cheatsheet; Cheatsheet2
H05D3A,Computer Architectures,Samenvattingen,Slides / Lesmateriaal,8,61.51,Ma - Electrical Engineering,2017 - 2018,H05d5 Part1; H05d5 Part2; H05d5 Part3
H05D7A,Computer-Aided IC Design,Samenvattingen,Overig / Other,6,22.17,Ma - Electrical Engineering,"1993 - 1994, 2004 - 2005, 2005 - 2006, 2007 - 2008, 2018 - 2019",Alps Gecco 2006; Andrei Vladimirescu The Spice Book Wiley (1994); Chapter3 Badargolu Tcad 2005
H05D7A,Computer-Aided IC Design,Samenvattingen,Slides / Lesmateriaal,2,98.95,Ma - Electrical Engineering,"2018 - 2019, 2023 - 2024",Cadic Annotated Slides; Caicd All Slides 2023
H05D7A,Computer-Aided IC Design,Samenvattingen,Samenvattingen,1,0.83,Ma - Electrical Engineering,2024 - 2025,Caic Samenvatting Robbe Robbe
H05E1B,Cryptography and Network Security,Examens,Examens,2,0.11,"Ma - Computer Science, Ma - Electrical Engineering","2017 - 2018, 2020 - 2021",Examen Cursus; Snci Exam Questions
H05E1B,Cryptography and Network Security,Oefenzittingen,Oefenzittingen,2,4.45,Ma - Computer Science,2019 - 2020,Example Assignment; Snci 2020 Assignment 1
H05E1B,Cryptography and Network Security,Samenvattingen,Overig / Other,42,42.57,"Ma - Computer Science, Ma - Electrical Engineering","2017 - 2018, 2020 - 2021, 2021 - 2022",General Course Information; Keyestablishmentprotocols Writing Out; 20130429 Introduction Belgian Eid Cards
H05E1B,Cryptography and Network Security,Samenvattingen,Slides / Lesmateriaal,12,8.85,Ma - Electrical Engineering,"2015 - 2016, 2017 - 2018",01 Information Security Trends And Issues; 02 Basic Concepts Cryptography; 03 Symmetric Algortihms For Configentiality
H05E3A,Design of Analog and Mixed-Signal Integrated Circuits,Examens,Examens,4,2.02,Ma - Electrical Engineering,"2019 - 2020, 2021 - 2022, 2024 - 2025",Damsic Exam Questions 2022 (robin Geens); Damsic Exam Questions(2020); Damsic Exam Questions(2025)
H05E3A,Design of Analog and Mixed-Signal Integrated Circuits,Samenvattingen,Overig / Other,8,124.38,Ma - Electrical Engineering,2019 - 2020,"[mike Wens, Michiel Steyaert (auth )] Design And Implementation Of Fully Integrated Inductive Dc Dc Converters In Standard Cmos; Analog Design Essentials (the Springer International Series In Engineering And Computer Science) By Willy Sansen; Analog To Digital Conversion By Marcel Pelgrom (auth )"
H05E3A,Design of Analog and Mixed-Signal Integrated Circuits,Samenvattingen,Slides / Lesmateriaal,16,439.36,Ma - Electrical Engineering,2019 - 2020,Introduction; Fully Differential Otas And Common Mode Feedback; Ms 3 Topic10 (a)dc(a)dc V32 1920 R(1)
H05F1A,Digital Signal Processing for Communications and Information Systems,Examens,Examens,11,6.07,Ma - Electrical Engineering,"2018 - 2019, 2019 - 2020, 2020 - 2021, 2021 - 2022, 2024 - 2025",Dsp Cis Examenvragen Ellen Anthonissen; Exam Dsp Cis 20 01 2020; Exam 10aug2020
H05F1A,Digital Signal Processing for Communications and Information Systems,Samenvattingen,Samenvattingen,9,7.97,Ma - Electrical Engineering,"2017 - 2018, 2019 - 2020",Dsp Cursus Adaptive Filters; Chapter 1 7; Chapter1
H05F1A,Digital Signal Processing for Communications and Information Systems,Samenvattingen,Overig / Other,1,4.21,Ma - Electrical Engineering,2019 - 2020,Filterbanks
H05F1A,Digital Signal Processing for Communications and Information Systems,Samenvattingen,Slides / Lesmateriaal,15,35.62,Ma - Electrical Engineering,2020 - 2021,Ch1; Ch10; Ch11
H05F7A,Measurement Systems,Examens,Examens,1,0.6,Ma - Electrical Engineering,2025 - 2026,Exam Questions Answered Tuur
H05F7A,Measurement Systems,Samenvattingen,Overig / Other,1,10.25,Ma - Electrical Engineering,2004 - 2005,John P Bentley Principles Of Measurement Systems Pearson Prentice Hall (2005)
H05H2A,Compute Platforms for AI and Embedded Processing,Examens,Examens,4,17.51,Ma - Electrical Engineering,"2020 - 2021, 2022 - 2023, 2024 - 2025",Compute Platforms For Ai And Embedded Processing Exam Questions; Cpaep Examenvragen Robbe Robbe; Exam Questions 22 23 (robin Geens)
H05H2A,Compute Platforms for AI and Embedded Processing,Samenvattingen,Overig / Other,1,2.09,Ma - Electrical Engineering,2021 - 2022,Cpai Examquestions 2022
H05I7A,Stochastic Signal and System Analysis,Examens,Examens,6,841.35,Ma - Electrical Engineering,2020 - 2021,Exam Feedback Bb Collaborate — Mozilla Firefox 2021 07 05 10 02 16 Part01; Exam Feedback Bb Collaborate — Mozilla Firefox 2021 07 05 10 02 16 Part02; Exam Feedback Bb Collaborate — Mozilla Firefox 2021 07 05 10 02 16 Part03
H05I7A,Stochastic Signal and System Analysis,Oefenzittingen,Oefenzittingen,9,7.3,Ma - Electrical Engineering,2013 - 2014,Oplossingen; Oz1 Opgave; Oz2 Opgave
H05I7A,Stochastic Signal and System Analysis,Samenvattingen,Overig / Other,1,0.16,Ma - Electrical Engineering,2020 - 2021,Stochastic Examjun2021
H05J1A,Technology for Microelectronics,Oefenzittingen,Oefenzittingen,6,6.14,Ma - Electrical Engineering,2017 - 2018,H05j2a 1 Pg 2012; H05j2a 1 Pg 2012 Solutions; H05j2a 2 Pg 2012
H05J1A,Technology for Microelectronics,Samenvattingen,Overig / Other,7,34.15,Ma - Electrical Engineering,"2017 - 2018, 2019 - 2020",Chaptersmicrotechnology; Chaptersmicrotechnologytitels; Chaptersmicrotechnologytitels
H05J1A,Technology for Microelectronics,Samenvattingen,Samenvattingen,1,1.32,Ma - Electrical Engineering,2024 - 2025,Tme Samenvatting Robbe Robbe
H05J1A,Technology for Microelectronics,Samenvattingen,Slides / Lesmateriaal,14,238.36,Ma - Electrical Engineering,"2018 - 2019, 2019 - 2020",Tech For Microelectronics Chapter 1 And 2; Tech For Microelectronics Chapter 3 And 4; Tech For Microelectronics Chapter 5
H05K2A,"Antennas for PCBs, Microelectronics and Nanotechnology",Examens,Examens,1,0.87,Ma - Electrical Engineering,2024 - 2025,Antennas Examenvragen Robbe Robbe
H05K2A,"Antennas for PCBs, Microelectronics and Nanotechnology",Oefenzittingen,Oefenzittingen,23,18.83,Ma - Electrical Engineering,"2017 - 2018, 2019 - 2020",Ex2; Ex2 Pptx; Ex3 Array Pptx
H05K2A,"Antennas for PCBs, Microelectronics and Nanotechnology",Oefenzittingen,Verslagen & Projecten,4,74.44,Ma - Electrical Engineering,2019 - 2020,2015 Book Engineeringelectromagnetics; Advanced Em Lecture; Antenna Theory Analysis
H05K2A,"Antennas for PCBs, Microelectronics and Nanotechnology",Samenvattingen,Overig / Other,10,5.1,Ma - Electrical Engineering,"2017 - 2018, 2019 - 2020",2013 06 1 Q2; 2013 06 1 Q2 Doc; Electromagnetics
H05K2A,"Antennas for PCBs, Microelectronics and Nanotechnology",Samenvattingen,Slides / Lesmateriaal,25,36.59,Ma - Electrical Engineering,"2017 - 2018, 2019 - 2020",A Short Note On Travelling Wave Antenna; Hertz Dipole Radiation; Introduction
H05K2A,"Antennas for PCBs, Microelectronics and Nanotechnology",Samenvattingen,Samenvattingen,2,0.29,Ma - Electrical Engineering,2017 - 2018,Formularium; Formularium
H05K3A,Freight Transport Management,Examens,Examens,1,0.18,Ma - Mobility and Supply Chain Engineering,2020 - 2021,Topics 2021
H05K3A,Freight Transport Management,Samenvattingen,Samenvattingen,1,12.85,Ma - Mobility and Supply Chain Engineering,2021 - 2022,Summary Stijn Tonnelier
H05K3A,Freight Transport Management,Samenvattingen,Slides / Lesmateriaal,7,21.32,Ma - Mobility and Supply Chain Engineering,2021 - 2022,Ftm 1 The General Context; Ftm 2 Outsourcing; Ftm 3 Location And Infrastructure
H05L7A,Vernieuwbouw van structuren,Examens,Examens,3,7.54,"Ma - Architectuur, Ma - Civil Engineering","2022 - 2023, 2025 - 2026",Examenvragen Opgelost Benjacobs; Samenvatting En Examenvragen Vernieuwbouw Yoana; Sint Jaboskerk Examenvragen
H05L7A,Vernieuwbouw van structuren,Samenvattingen,Samenvattingen,19,20.7,"Ma - Architectuur, Ma - Civil Engineering","2019 - 2020, 2022 - 2023, 2023 - 2024",Samenvatting Vernieuwbouw Juni 2020; Samenvatting Vernieuwbouw Handboek Benjacobs; Samenvatting Vernieuwbouw Benjacobs
H05L7A,Vernieuwbouw van structuren,Samenvattingen,Overig / Other,4,21.47,"Ma - Architectuur, Ma - Civil Engineering","2020 - 2021, 2025 - 2026",Vernieuwbouw Les 0805 Les Volgend Op 2404 Bram; Vernieuwbouw Les 2 Bram; Vernieuwbouw Les 2404 Bram
H05L7A,Vernieuwbouw van structuren,Samenvattingen,Slides / Lesmateriaal,3,4.46,Ma - Civil Engineering,2022 - 2023,Ros Summary Chapter 10 Guest Lecture 3; Ros Summary Chapter 8 Guest Lecture 1; Ros Summary Chapter 9 Guest Lecture 2
H05T0A,Electromagnetic Propagation,Examens,Examens,1,0.41,Ma - Electrical Engineering,2017 - 2018,Examen 21 Juni 2013
H05T0A,Electromagnetic Propagation,Oefenzittingen,Oefenzittingen,5,2.98,Ma - Electrical Engineering,"2017 - 2018, 2018 - 2019",Emp Exercises Bertold; Ex1; Ex2
H05T0A,Electromagnetic Propagation,Samenvattingen,Overig / Other,19,67.38,Ma - Electrical Engineering,"2017 - 2018, 2018 - 2019, 2025 - 2026",18 Pathloss; 2016 Book Propagationengineeringinwirele; Ep Previoussmallexamquestions 2025 B Schoepen
H05T0A,Electromagnetic Propagation,Samenvattingen,Samenvattingen,1,2.42,Ma - Electrical Engineering,2018 - 2019,A Student S Guide To Maxwell S Equations
H05T0A,Electromagnetic Propagation,Samenvattingen,Slides / Lesmateriaal,16,21.5,Ma - Electrical Engineering,"2015 - 2016, 2016 - 2017, 2017 - 2018",Exercise 1; Exercise 2 (exemplaar Met Conflict Van Bart Swungs 2017 01 14); Exercise 2
H05V3A,Aircraft Structures,Examens,Examens,2,5.92,Ma - Mechanical Engineering,2025 - 2026,Reconstructie Vliegtuigconstructies 20260605; Vliegtuigconstructies Examenvragen
H05V3A,Aircraft Structures,Oefenzittingen,Oefenzittingen,1,22.92,Ma - Mechanical Engineering,2023 - 2024,Oefeningen Vliegtuigconstructies (lukasvandenbroeck)
H05V3A,Aircraft Structures,Samenvattingen,Samenvattingen,14,88.62,Ma - Mechanical Engineering,"2023 - 2024, 2025 - 2026",Samenvatting Vliegtuigconstructies (lukasvandenbroeck); Vliegtuigconstructies Hc 1; Vliegtuigconstructies Hc 10
H05V3A,Aircraft Structures,Samenvattingen,Overig / Other,7,26.68,Ma - Mechanical Engineering,2023 - 2024,Les 1 Opbouw Van Een Vliegtuigconstructie; Les 10 Spanningsgebaseerde Vermoeiingsanalyse; Les 12 Uitvoeringspraktijk
H06A1A,Advanced Nano-Electronic Components,Samenvattingen,Samenvattingen,1,79.51,"Ma - Nanoscience, -technology and -engineering",2022 - 2023,Adv Nanodevices Notes Senne Vervoort 2022
H06A1A,Advanced Nano-Electronic Components,Samenvattingen,Overig / Other,2,0.07,"Ma - Nanoscience, -technology and -engineering",2022 - 2023,Copia De Nanodevices Table; Nanodevices Table
H06A1A,Advanced Nano-Electronic Components,Samenvattingen,Slides / Lesmateriaal,19,218.44,"Ma - Nanoscience, -technology and -engineering",2022 - 2023,1 Bs Quantumconfinedsystems; 2 Bs Tunnelingtransportdevices; 3 Dv Tfet1
H06A3A,Analog and Mixed-Signal Electronics for Signal Processing,Examens,Examens,8,0.63,Ma - Electrical Engineering,"2017 - 2018, 2018 - 2019, 2019 - 2020",Amsesp Exam 20 01 20; Analog & Mixed Signal Electronics Exam 10 01 2020; Examen Analoge Bouwblokken 21 1 2019 Vm
H06A3A,Analog and Mixed-Signal Electronics for Signal Processing,Oefenzittingen,Oefenzittingen,18,60.52,Ma - Electrical Engineering,"2019 - 2020, 2021 - 2022, 2023 - 2024",Ch1 Intro; Ch1 Intro Sol; Ch2 Noise Mismatch Distortion
H06A3A,Analog and Mixed-Signal Electronics for Signal Processing,Samenvattingen,Overig / Other,5,113.58,Ma - Electrical Engineering,"2017 - 2018, 2018 - 2019, 2019 - 2020",9789400714359 C2; Analog Building Blocks Complete Vivek Roy; Ex8 Pll Oscillatoren Sol
H06A3A,Analog and Mixed-Signal Electronics for Signal Processing,Samenvattingen,Samenvattingen,2,12.16,Ma - Electrical Engineering,2017 - 2018,Abs Dc Dc Conversion Notities; Formularium En
H06A6A,Chemistry at Nanometre Scale,Oefenzittingen,Oefenzittingen,1,4.89,"Ma - Nanoscience, -technology and -engineering",2025 - 2026,"Sessions 1 And 2 (2025 2026, Victordaniels)"
H06A6A,Chemistry at Nanometre Scale,Samenvattingen,Overig / Other,1,0.08,"Ma - Nanoscience, -technology and -engineering",2022 - 2023,Nanochem Sensors Experiments
H06B0A,Superconductivity,Samenvattingen,Slides / Lesmateriaal,1,1.7,"Ma - Nanoscience, -technology and -engineering",2022 - 2023,Superconductivity Lecture Notes Senne Vervoort
H06C0A,Materials physics and technology for nanoelectronics,Samenvattingen,Slides / Lesmateriaal,1,10.24,Ma - Materials Engineering,2023 - 2024,Examanswers Matphynanoelec 2
H06C0A,Materials physics and technology for nanoelectronics,Samenvattingen,Overig / Other,1,1.65,Ma - Materials Engineering,2023 - 2024,Examanswers Matphynanoelec Loui Huang
H06C9A,MEMS and Microsystems,Examens,Examens,4,7.3,"Ma - Biomedical Engineering, Ma - Electrical Engineering",2023 - 2024,Examenvragen; Mems Exam Presentation L8 Ward Coomans; Examenvragen
H06C9A,MEMS and Microsystems,Samenvattingen,Samenvattingen,1,6.07,Ma - Electrical Engineering,2024 - 2025,Mems Samenvatting Robbe Robbe
H06C9A,MEMS and Microsystems,Samenvattingen,Slides / Lesmateriaal,14,513.8,Ma - Electrical Engineering,"2017 - 2018, 2018 - 2019",Microsystcourse Part1 2018; Microsystcourse Part2 2018; Microsystcourse Part3 2018
H06C9A,MEMS and Microsystems,Samenvattingen,Overig / Other,1,0.1,Ma - Electrical Engineering,2017 - 2018,Neo Stacking
H06D1A,Integrated Photonics,Examens,Examens,1,0.31,"Ma - Nanoscience, -technology and -engineering",2023 - 2024,Example Exam Questions 1
H06D3A,Nanostructured Bio-Macromolecules,Examens,Examens,1,1.2,"Ma - Nanoscience, -technology and -engineering",2022 - 2023,Nanostructured Bio Macromolecules Exam Questions
H06D9B,Physical Materials Characterization Techniques,Samenvattingen,Samenvattingen,1,4.95,"Ma - Nanoscience, -technology and -engineering",2025 - 2026,"Pmct Notes (harish S, 2025 2026)"
H06E2A,Quantum Physics,Samenvattingen,Overig / Other,1,0.25,"Ma - Nanoscience, -technology and -engineering",2022 - 2023,Formula Sheet Qm2 Shared (1)
H06E6A,Integrated RF Components and Circuits (H06E6A),Samenvattingen,Overig / Other,2,19.09,"Ma - Nanoscience, -technology and -engineering","2011 - 2012, 2022 - 2023",Pozar Microwave Engineering(2012); Rf Exercises Senne Vervoort
H06E6A,Integrated RF Components and Circuits (H06E6A),Samenvattingen,Slides / Lesmateriaal,1,1.69,"Ma - Nanoscience, -technology and -engineering",2022 - 2023,Rf Lecture Notes Senne Vervoort
H06E6A,Integrated RF Components and Circuits (H06E6A),Samenvattingen,Samenvattingen,1,2.51,"Ma - Nanoscience, -technology and -engineering",2022 - 2023,Rf Summary Senne Vervoort
H06F0B,Semiconductor Devices,Examens,Examens,1,3.68,"Ma - Nanoscience, -technology and -engineering",2022 - 2023,Semiconductor Devices Exam Questions
H06F2A,Semiconductor Physics,Examens,Examens,1,0.38,"Ma - Nanoscience, -technology and -engineering",2022 - 2023,Semiconductor Physics Exam Questions
H06F2A,Semiconductor Physics,Samenvattingen,Overig / Other,2,1.06,"Ma - Nanoscience, -technology and -engineering",2022 - 2023,Formula Sheet Semiconductor Physics; Semiconductor Physics Exercise Sessions
H06F2A,Semiconductor Physics,Samenvattingen,Slides / Lesmateriaal,1,75.71,"Ma - Nanoscience, -technology and -engineering",2022 - 2023,Semiconductor Physics Lecture Notes
H06F6A,"Structure, Synthesis and Cellular Function of Macromolecules",Oefenzittingen,Oefenzittingen,1,0.07,"Ma - Nanoscience, -technology and -engineering",2021 - 2022,Vragenpp 21 Jan 2022 + Solution
H06F6A,"Structure, Synthesis and Cellular Function of Macromolecules",Samenvattingen,Overig / Other,3,84.74,"Ma - Nanoscience, -technology and -engineering","2022 - 2023, 2023 - 2024",Answers Examquestions Kr 2022; Macromolecules Exercisesexams; Principlesofbiochemistry5thed 140530233551 Phpapp01
H06G0A,Technology of Integrated Systems,Samenvattingen,Overig / Other,4,9.68,"Ma - Nanoscience, -technology and -engineering",2022 - 2023,3 Tois March 2; Packaging Flow Chart; Tis Ic Flow Chart
H06G0A,Technology of Integrated Systems,Samenvattingen,Samenvattingen,1,0.03,"Ma - Nanoscience, -technology and -engineering",2022 - 2023,Notes Van Les Memory 2
H06G0A,Technology of Integrated Systems,Samenvattingen,Slides / Lesmateriaal,1,0.26,"Ma - Nanoscience, -technology and -engineering",2022 - 2023,Packaging Flow Chart Unfinished
H06G4A,Materials Physics for Nanotechnology,Samenvattingen,Overig / Other,1,1.1,"Ma - Nanoscience, -technology and -engineering",2022 - 2023,Materials Physics And Technology For Nanoelectronics
H06G4A,Materials Physics for Nanotechnology,Samenvattingen,Samenvattingen,1,5.67,"Ma - Nanoscience, -technology and -engineering",2019 - 2020,Summary 2020 (cours Content Has Been Changed Since)
H06N2A,Lectures on Nanoscience and Nanotechnology,Samenvattingen,Slides / Lesmateriaal,4,10.18,"Ma - Nanoscience, -technology and -engineering",2022 - 2023,8 19apr Kleemans Notes + Printable; 9 Plasmonics In Arrays Of Gold Nanoelements Summary; Summary 5 Pourtois Material Challenges In Advanced Nanoelectronics
H06P1A,Electricity and Gas Markets,Examens,Examens,1,0.01,Ma - Energy,2019 - 2020,Examenvragen 12 June 2015
H06P6B,Baggertechnologie voor bouwkundig ingenieurs,Oefenzittingen,Verslagen & Projecten,1,3.68,Ma - Civil Engineering,2019 - 2020,10 Project Work & Problem Solving With Dredging Simulators
H06P6B,Baggertechnologie voor bouwkundig ingenieurs,Samenvattingen,Overig / Other,6,458.88,Ma - Civil Engineering,"2012 - 2013, 2018 - 2019, 2019 - 2020",11 Jdn Simulator Of Reclaiming Tshd; 3 We Are Ita; 4 Working Principles Fall Pipe Vessel (en)
H06R5A,Management and Policy Aspects of Technology in Healthcare,Samenvattingen,Samenvattingen,1,6.52,Ma - Biomedical Engineering,2022 - 2023,Summary Tiziana Dozin
H06R5A,Management and Policy Aspects of Technology in Healthcare,Samenvattingen,Overig / Other,1,0.2,Ma - Biomedical Engineering,2018 - 2019,Student Course Management And Policy Aspects Of Technology In Healthcare
H06R6A,Energy Law,Samenvattingen,Slides / Lesmateriaal,7,12.62,Ma - Energy,2018 - 2019,Eu Renewable Energy Law 26 4 2019 (3); International Energy Law 1 03 2019(1) (1); International Energy Law 22 02 2019 (1)
H06T1A,Applied Physical Chemistry,Examens,Examens,5,2.63,Ma - Chemical Engineering,"2021 - 2022, 2022 - 2023, 2024 - 2025",Apc Exam Questions 2022 Rayan El Hahaoui; Exam Exercises 2022 (roel Raike); Exam Questions Prof Kuhn
H06T1A,Applied Physical Chemistry,Oefenzittingen,Oefenzittingen,8,5.29,Ma - Chemical Engineering,"2020 - 2021, 2021 - 2022, 2022 - 2023, 2024 - 2025",Exercises Apc Rayan El Hahaoui; Kato Kenis Exercises Applied Physical Chemistry; Carbon4
H06T1A,Applied Physical Chemistry,Samenvattingen,Samenvattingen,2,10.61,Ma - Chemical Engineering,2020 - 2021,Kato Kenis Summary Applied Physical Chemistry Kuhn; Kato Kenis Summary Applied Physical Chemistry Martens
H06T1A,Applied Physical Chemistry,Samenvattingen,Overig / Other,4,117.86,Ma - Chemical Engineering,2019 - 2020,Capillarity And Wetting Phenomena; Crystallization; Intermolecular And Surface Forces
H06T2A,Process Control in the Chemical Industry,Examens,Examens,10,16.2,Ma - Chemical Engineering,"2020 - 2021, 2022 - 2023, 2024 - 2025",Exam Process Control August 2021 (willem De Brandt); Exam Process Control August 2021; Exam Process Control Example
H06T2A,Process Control in the Chemical Industry,Samenvattingen,Samenvattingen,2,20.09,Ma - Chemical Engineering,"2020 - 2021, 2024 - 2025",Kato Kenis Summary Process Control; Formularium Process Control Niels Stevens
H06T2A,Process Control in the Chemical Industry,TTT's,TTT's,4,2.96,Ma - Chemical Engineering,"2016 - 2017, 2018 - 2019, 2024 - 2025",Midterm Test 2017 2018; Midterm Test 2019 2020 (willem De Brandt); Midterm Test 2019 2020
H06T3A,Biochemical Process Engineering,Examens,Examens,5,9.35,Ma - Chemical Engineering,"2020 - 2021, 2022 - 2023, 2024 - 2025",Exam Questions (without Answer) Willem's File (niels Stevens); Exam Questions Biochemical Engineering (willem De Brandt); Formularium Biochemical Engineering (kato Kenis)
H06T3A,Biochemical Process Engineering,Oefenzittingen,Oefenzittingen,1,3.68,Ma - Chemical Engineering,2022 - 2023,Bioprocess Engineering Principles Pauline M Doran Solutions
H06T3A,Biochemical Process Engineering,Samenvattingen,Overig / Other,4,124.14,Ma - Chemical Engineering,"2006 - 2007, 2022 - 2023, 2024 - 2025",Bpe Theory Questions Niels Stevens; Student Course Biochemical Engineering (willem De Brandt); Bioprocess Engineering Principles Pauline M Doran
H06T3A,Biochemical Process Engineering,Samenvattingen,Samenvattingen,1,38.73,Ma - Chemical Engineering,2020 - 2021,Summary Biochemical Engineering (kato Kenis)
H06T3A,Biochemical Process Engineering,Samenvattingen,Slides / Lesmateriaal,5,639.69,Ma - Chemical Engineering,"2021 - 2022, 2023 - 2024",Biochemical Process Engineering Lectures 1 5; Biochemical Process Engineering Lectures 11 15; Biochemical Process Engineering Lectures 16 20
H06T4A,Systems Analysis of Chemical Processes,Examens,Examens,8,28.8,Ma - Chemical Engineering,"2019 - 2020, 2020 - 2021, 2021 - 2022, 2022 - 2023, 2023 - 2024",Exam Formularium Waldherr (willem De Brandt); Exam Questions Degrève (willem De Brandt); Exam Solutions Degrève (willem De Brandt)
H06T4A,Systems Analysis of Chemical Processes,Oefenzittingen,Oefenzittingen,2,2.99,Ma - Chemical Engineering,"2019 - 2020, 2020 - 2021",Exercises Systems Analysis Of Chemical Processes (jonas Van Olmen); Exercises Systems Analysis Waldherr (kato Kenis)
H06T4A,Systems Analysis of Chemical Processes,Samenvattingen,Overig / Other,4,100.43,Ma - Chemical Engineering,2019 - 2020,Appendix Systems Analysis Of Chemical Processes (jonas Van Olmen); Parametric Sensitivity Of Chemical Systems; Perry Chemical Engineering Handbook
H06T4A,Systems Analysis of Chemical Processes,Samenvattingen,Slides / Lesmateriaal,1,35.82,Ma - Chemical Engineering,2021 - 2022,Lecture Notes Waldherr (willem De Brandt)
H06T4A,Systems Analysis of Chemical Processes,Samenvattingen,Samenvattingen,1,2.33,Ma - Chemical Engineering,2020 - 2021,Summary Systems Analysis Degrève (kato Kenis)
H06T5A,Industrial Chemical Processes,Examens,Examens,4,25.35,Ma - Chemical Engineering,2022 - 2023,Exam Icp Exercises; Exam Icp Flow Sheets (willem De Brandt); Exam Icp Questions
H06T5A,Industrial Chemical Processes,Samenvattingen,Overig / Other,2,16.03,Ma - Chemical Engineering,"2021 - 2022, 2025 - 2026",Chemical Process Technology (moulijn Et Al ); Hydrogen Quiz (2025 2026)(niels Stevens)
H06T5A,Industrial Chemical Processes,Samenvattingen,Slides / Lesmateriaal,9,254.92,Ma - Chemical Engineering,2022 - 2023,Lecture 1 Introduction; Lecture 2 Oil Refinery; Lecture 3 Steam Cracking
H06T5A,Industrial Chemical Processes,Samenvattingen,Samenvattingen,2,32.61,Ma - Chemical Engineering,"2022 - 2023, 2025 - 2026",Industrial Chemical Processes 2023 (wouter Janssens); Industrial Chemical Processes 2026 (oscar Nollet)
H06T7A,Advanced Separation Processes,Examens,Examens,3,1.46,Ma - Chemical Engineering,"2021 - 2022, 2022 - 2023, 2024 - 2025",Aryu Exam Advanced Separation Processes (willem De Brandt) Answers With Chatgpt; Exam Advanced Separation Processes (willem De Brandt); Exam Advanced Separation Processes Januari 2023
H06T7A,Advanced Separation Processes,Oefenzittingen,Oefenzittingen,3,22.93,Ma - Chemical Engineering,"2019 - 2020, 2020 - 2021",Asp Formularium Laurens Parret; Exercises Advanced Separation Processes Jonas Van Olmen; Separation Process Principles Third Edition Solutions
H06T7A,Advanced Separation Processes,Samenvattingen,Samenvattingen,1,6.24,Ma - Chemical Engineering,2020 - 2021,Summary Advanced Separation Processes (kato Kenis)
H06T8A,Hazardous Materials and Safety in the Process Industries,Examens,Examens,3,0.36,Ma - Chemical Engineering,"2020 - 2021, 2024 - 2025",Kato Kenis Exam Questions Process Safety; 2024 2025 Exam Assignment Cht 13 06 2025 Mononitrotoluene; 2024 2025 Exam Assignment Cht 13 06 2025 Mononitrotoluene
H06T8A,Hazardous Materials and Safety in the Process Industries,Oefenzittingen,Verslagen & Projecten,2,1.45,Ma - Chemical Engineering,2024 - 2025,2024 2025 Investigation Report 13 06 2025 Csb Report Mnt; 2024 2025 Investigation Report 13 06 2025 Csb Report Mnt
H06T8A,Hazardous Materials and Safety in the Process Industries,Oefenzittingen,Oefenzittingen,3,0.83,Ma - Chemical Engineering,"2021 - 2022, 2024 - 2025",Assignment 2022 Ethylene; Assignment 2022 Solution (willem De Brandt); Hazardous Materials Task Product Safety (aryu Kapuriya)
H06T8A,Hazardous Materials and Safety in the Process Industries,Samenvattingen,Samenvattingen,1,126.48,Ma - Chemical Engineering,2020 - 2021,Kato Kenis Summary Process Safety
H06U0A,Design and Analysis of Multiphase Reactors,Examens,Examens,2,11.03,Ma - Chemical Engineering,"2022 - 2023, 2024 - 2025",Exam June 2023; Exam Questions Niels Stevens
H06U0A,Design and Analysis of Multiphase Reactors,Oefenzittingen,Oefenzittingen,3,28.06,Ma - Chemical Engineering,"2019 - 2020, 2024 - 2025",Chemical Reaction Engineering Solutions; Multiphasereactors Exercises 2025; Multiphasereactors Solutions 2025
H06U0A,Design and Analysis of Multiphase Reactors,Samenvattingen,Overig / Other,1,13.9,Ma - Chemical Engineering,2020 - 2021,Chemical Reaction Engineering Levenspiel
H06U0A,Design and Analysis of Multiphase Reactors,Samenvattingen,Samenvattingen,2,11.27,Ma - Chemical Engineering,"2022 - 2023, 2024 - 2025",Formularium Multiphase (niels Stevens); Formularium Multiphase (willem De Brandt)
H06U1A,Artificial Intelligence,Examens,Examens,17,29.02,Ba - Computerwetenschappen,"2002 - 2003, 2011 - 2012, 2012 - 2013, 2013 - 2014, 2018 - 2019",Ai Ttt 1 Oplossing (2023 2024); Ai Ttt 2 Oplossing (2023 2024); Exam Preparation Ai
H06U1A,Artificial Intelligence,Oefenzittingen,Oefenzittingen,34,33.58,Ba - Computerwetenschappen,"2011 - 2012, 2012 - 2013, 2013 - 2014, 2019 - 2020, 2021 - 2022",Constraintprocessing; Heuristicexp Chuptyssimon; Heuristicexp Florianhendrickx (2)
H06U1A,Artificial Intelligence,Samenvattingen,Overig / Other,16,22.25,Ba - Computerwetenschappen,"2007 - 2008, 2011 - 2012, 2021 - 2022",Ai 4rd Edition; Theorie Overzicht (26p); Basicsearch
H06U1A,Artificial Intelligence,Samenvattingen,Samenvattingen,7,11.03,Ba - Computerwetenschappen,"2019 - 2020, 2024 - 2025",Ai Samenvatting Md; Samenvatting Ai (diete Wouters); Samenvatting Ai Yannou Ravout 2020
H06U1A,Artificial Intelligence,TTT's,TTT's,1,0.1,Ba - Computerwetenschappen,2019 - 2020,Ttt 1 27 10 2020
H06V4A,Scheikunde,Oefenzittingen,Oefenzittingen,1,0.35,"Ma - Nanoscience, -technology and -engineering",2024 - 2025,Nanomaterials For Nanoelectronics Exmanevragen
H06W1A,Selected Topics in Biomedical Signal Processing,Examens,Examens,1,14.87,Ma - Biomedical Engineering,2023 - 2024,Exam Questions Stbsp
H06W1A,Selected Topics in Biomedical Signal Processing,Samenvattingen,Overig / Other,1,0.35,Ma - Biomedical Engineering,2025 - 2026,Stbsp Part 1 Proofs
H06W8A,Medical Image Analysis,Samenvattingen,Overig / Other,5,0.53,Ma - Biomedical Engineering,2022 - 2023,List Of Methods Segmentation Registration Tiziana Dozin; Overzicht Mia 2022 2023; Table Of Contents Tiziana Dozin
H06X4C,Micro- and Nanofluidics,Examens,Examens,1,0.02,"Ma - Nanoscience, -technology and -engineering",2022 - 2023,Examen Vragen Vorige Jaren
H06X4C,Micro- and Nanofluidics,Samenvattingen,Samenvattingen,2,28.84,"Ma - Nanoscience, -technology and -engineering",2022 - 2023,Part 1 Schematic; Summary Micro And Nanofluidics Part 2
H07S3A,Theory of Elasticity and Plasticity,Examens,Examens,110,133.7,Schakel - Werktuigkunde,2018 - 2019,Elasticiteit; Onenote Table Of Contents; Plasticiteit
H07S3A,Theory of Elasticity and Plasticity,Oefenzittingen,Oefenzittingen,11,97.48,Schakel - Werktuigkunde,2018 - 2019,Notitiesoefenzitting E&p 2013; Oefeningen Ep Robin Ska; Oefeningen E&p 2013
H07S3A,Theory of Elasticity and Plasticity,Samenvattingen,Overig / Other,7,142.35,Schakel - Werktuigkunde,2018 - 2019,E&p Jeroen Claesen; Elasticiteit En Plasticiteit 12jan2015 Namiddag; Elasticiteit&plasticiteit
H07S3A,Theory of Elasticity and Plasticity,Samenvattingen,Samenvattingen,4,73.49,Schakel - Werktuigkunde,2018 - 2019,Notas Jeroenbelis E&p; Notities Ep Robin Ska; Notitieshc E&p 2013
H07Z9B,Software Architecture,Oefenzittingen,Oefenzittingen,3,0.67,Ma - Computer Science,2019 - 2020,1a Sa1920 Assignment Part1 Instructions; 1b Review Assignment; Vp Assignment
H07Z9B,Software Architecture,Samenvattingen,Overig / Other,6,17.38,Ma - Computer Science,"2019 - 2020, 2020 - 2021",An Introduction To Self Adaptiv Danny Weyns; 2 Evaluation; 3 Extension
H08J0A,Supply Chain Engineering,Examens,Examens,20,3.74,Ma - Mobility and Supply Chain Engineering,"2020 - 2021, 2021 - 2022, 2022 - 2023, 2023 - 2024",2023 Sce Exam 1; Exam 07 06 2021 With Solutions; Exam 2020 09 06 Toledo Errors
H08J0A,Supply Chain Engineering,Oefenzittingen,Oefenzittingen,8,7.35,Ma - Mobility and Supply Chain Engineering,"2020 - 2021, 2025 - 2026",Sc Location Exercises Solutions; Sc Location Exercises(1); Exercises 1 8 (1)
H08J0A,Supply Chain Engineering,Samenvattingen,Overig / Other,1,0.0,Ba - Bedrijfsbeheer,2021 - 2022,Info Sce
H08J0A,Supply Chain Engineering,Samenvattingen,Samenvattingen,1,0.17,Ma - Mobility and Supply Chain Engineering,2024 - 2025,Sc Summary Game Theory
H08M0A,Brain Computer Interfaces,Samenvattingen,Overig / Other,1,13.72,Ma - Biomedical Engineering,2022 - 2023,Case Studies Annelien Eyskens
H08M0A,Brain Computer Interfaces,Samenvattingen,Samenvattingen,5,54.43,"Ma - Biomedical Engineering, Ma - Computer Science","2019 - 2020, 2021 - 2022, 2022 - 2023, 2023 - 2024",Samenvatting Bci Annelien Eyskens; Samenvatting Brain Computer Interfaces Joris Guldentops; Summary
H08N0A,Introduction to Safety Engineering,Samenvattingen,Overig / Other,1,1.02,Ma - Mechanical Engineering,2022 - 2023,Pre Test (process) Safety
H08N0A,Introduction to Safety Engineering,Samenvattingen,Samenvattingen,1,8.35,Ma - Mechanical Engineering,2023 - 2024,Samenvatting Safetyengineering (lukasvandenbroeck)
H08P0A,Explosion Safety,Examens,Examens,2,7.02,Ma - Chemical Engineering,"2016 - 2017, 2025 - 2026",Explosion Safety Exam Questions And Answers; Solved Exam Questions (wiki 2017 2024) (thomas Cock)
H08P0A,Explosion Safety,Samenvattingen,Slides / Lesmateriaal,2,32.08,Ma - Chemical Engineering,2025 - 2026,Vandenschoor; Verplaetsen
H08P0A,Explosion Safety,Samenvattingen,Samenvattingen,1,48.69,Ma - Chemical Engineering,2025 - 2026,Summary Explosion Safety (niels Stevens)
H08T5A,"Electronic Components, Circuits and Sensors",Samenvattingen,Overig / Other,1,21.15,"Ma - Nanoscience, -technology and -engineering",2022 - 2023,Electrical Engineering Principles And Applications Global Edition 7
H08T9A,Hydraulica,Examens,Examens,9,1.19,Ba - Bouwkunde,"2010 - 2011, 2017 - 2018",Examen Hydraulica Juni 2011; Examenvragen Hydraulica Juni 12 Josse; Hydr Vragen
H08T9A,Hydraulica,Oefenzittingen,Oefenzittingen,26,16.69,Ba - Bouwkunde,"2011 - 2012, 2017 - 2018, 2018 - 2019, 2024 - 2025",Gequoteerde Oefz 1; Quot Oz 1 24 25; Frequente Fouten Geq Oefz 2
H08T9A,Hydraulica,Oefenzittingen,Verslagen & Projecten,11,2.6,Ba - Bouwkunde,"2017 - 2018, 2018 - 2019",Eindverslag Grenslaagtheorie Helena Goffin En Arthur Roheart; Verslag Grenslaag Oscar Neyrinck; Eindverslag Waterslag Helena Goffin En Arthur Rohaert
H08T9A,Hydraulica,Samenvattingen,Samenvattingen,17,62.6,Ba - Bouwkunde,"2020 - 2021, 2021 - 2022, 2024 - 2025",Samenvatting Hydraulica; Sv Hydraulica Pv; Samenvatting 2d Grenslagen
H08T9A,Hydraulica,Samenvattingen,Slides / Lesmateriaal,1,0.62,Ba - Bouwkunde,2021 - 2022,Samenvatting Stroming In Poreuze Media
H08U1A,Kunststoffen,Examens,Examens,6,2.95,Ba - Chemische technologie,"2010 - 2011, 2011 - 2012, 2013 - 2014, 2019 - 2020, 2021 - 2022",Examen Kunststoffen 23 08 2023; Examenvragen Uitgewerkt 2014 (joris Gevaert); Examenvragen Uitgewerkt 2020 (willem De Brandt)
H08U1A,Kunststoffen,Samenvattingen,Overig / Other,8,0.69,Ba - Chemische technologie,"2010 - 2011, 2013 - 2014, 2014 - 2015",Eigenschappen Polymeren Verbetering(restored); Eigenschappen Polymeren Verbetering; Karakterisering
H08U1A,Kunststoffen,Samenvattingen,Slides / Lesmateriaal,16,47.01,Ba - Chemische technologie,"2010 - 2011, 2011 - 2012, 2018 - 2019",Vloeibaar Kristallijn Wikipedia; Kunststoffen Slides Jvo; Kunststoffen Slides Jvo Ingescand
H08U1A,Kunststoffen,Samenvattingen,Samenvattingen,7,170.63,Ba - Chemische technologie,"2010 - 2011, 2012 - 2013, 2013 - 2014, 2017 - 2018, 2019 - 2020",Kunststoffen H10 13 Mh; Notities Kunststoffen Deel 2 2012 2013; Concepten Mechanisch Gedrag Elise Van Vlierberghe 2020 (2)
H08U4A,Systeemtheorie,Examens,Examens,12,12.9,"Ba - Architectuur en omgeving, Ba - Biomedische technologie","1994 - 1995, 2000 - 2001, 2010 - 2011, 2011 - 2012, 2018 - 2019",Examen Systeemtheorie 2011; Examen Systeemtheorie 2019; Examen Systeemtheorie 2020
H08U4A,Systeemtheorie,Oefenzittingen,Oefenzittingen,34,19.25,"Ba - Architectuur en omgeving, Ba - Biomedische technologie","2005 - 2006, 2008 - 2009, 2018 - 2019, 2019 - 2020",Systeemtheorie Oefenzittingen (naomi Adam); Oefeningenbundel 2009 Boku 2012; Oefenzittingen 2006 Boku 2012
H08U4A,Systeemtheorie,Samenvattingen,Slides / Lesmateriaal,4,3.4,Ba - Architectuur en omgeving,2018 - 2019,Slides Modelling; Slides Session2; Slides Session3
H08U4A,Systeemtheorie,Samenvattingen,Samenvattingen,13,6.48,Ba - Architectuur en omgeving,2020 - 2021,1 Samenvatting Hoofdstuk C1; 10 Samenvatting Hoofdstuk S6; 11 Samenvatting Hoofdstuk S7
H08U5A,Kwantummechanica,Examens,Examens,20,27.31,Ba - Elektrotechniek,"2010 - 2011, 2011 - 2012, 2012 - 2013, 2014 - 2015, 2015 - 2016",2bbi Kwantummechanica Examen2020; 2bbi Kwantummechanica Voorbeeldexamen; Examen 2022 06
H08U5A,Kwantummechanica,Oefenzittingen,Oefenzittingen,48,99.52,Ba - Elektrotechniek,"2010 - 2011, 2012 - 2013, 2013 - 2014, 2015 - 2016, 2017 - 2018",Instructors’ Solution Manual To Introduction To Quantum Mechanics 3rd Edition; Kwantum Oefeningenbundel; Solution Manual To Introduction To Quantum Mechanics (with David J Griffiths 2018 Reed College B71df699dfcc9fd76b0c37554f36c50a Anna’s Archive
H08U5A,Kwantummechanica,Samenvattingen,Samenvattingen,39,457.94,Ba - Elektrotechniek,"1992 - 1993, 2010 - 2011, 2011 - 2012, 2012 - 2013, 2013 - 2014",Km Lesnotas 2018 2019 (sara Speelman); Afleiding Compton Effect; Formularium Wouter Beert
H08U5A,Kwantummechanica,Samenvattingen,Overig / Other,4,2.65,Ba - Elektrotechniek,"2010 - 2011, 2012 - 2013, 2013 - 2014",Fysische Constanten; Informatie Rond 2 Recente Artikels In Nature; Laser Toepassingen (68p)
H08U5A,Kwantummechanica,Samenvattingen,Slides / Lesmateriaal,5,7.48,Ba - Elektrotechniek,2012 - 2013,Hoofdstuk 1 Slides (44p); Hoofdstuk 2 Slides; Slides Hoofdstuk 3 Atomaire Fysica (10p)
H08W0A,"Analyse, deel 3",Examens,Examens,53,47.79,Ba - Algemene gemeenschappelijke basis,"2011 - 2012, 2012 - 2013, 2018 - 2019, 2019 - 2020, 2020 - 2021",Analyse Iii Examens 2020 2022 Oplossingen (jasper Visterin); [2018 2019] Voorbeeldexamenvragen En Oplossingen Fouriertransformatie (wout Pauwels); Examen Analyse3 Januari 2018
H08W0A,"Analyse, deel 3",Oefenzittingen,Oefenzittingen,38,74.83,Ba - Algemene gemeenschappelijke basis,"2011 - 2012, 2012 - 2013, 2020 - 2021, 2023 - 2024",Analyse3 Oz4 Oz5 Examenoef Karolienpoppeliers; Opgave Huistaak Analyse3 2012; Opgave Huistaak Analyse3 2013
H08W0A,"Analyse, deel 3",Samenvattingen,Samenvattingen,18,181.39,Ba - Algemene gemeenschappelijke basis,"2010 - 2011, 2011 - 2012, 2017 - 2018, 2020 - 2021, 2023 - 2024","Formularium 2020 2021; Aliasing Theorie Amir; Ana3 Theorie (jaanc, 2025 2026)"
H08W0A,"Analyse, deel 3",Samenvattingen,Slides / Lesmateriaal,6,35.91,Ba - Algemene gemeenschappelijke basis,2023 - 2024,Hoofdstuk 1; Hoofdstuk 2; Hoofdstuk 3
H08W0A,"Analyse, deel 3",Samenvattingen,Overig / Other,1,0.08,Ba - Algemene gemeenschappelijke basis,2011 - 2012,Maple Feedback Huistaak Analyse3 2012
H08W4A,Fluid mechanics,Examens,Examens,20,15.87,Ba - Werktuigkunde,"2018 - 2019, 2021 - 2022, 2022 - 2023, 2023 - 2024, 2024 - 2025",Examen 2024 Augustus Deel 1 Korte Vragen (opgave); Examen 2024 Augustus Deel 1 Korte Vragen (oplossing); Examen 2024 Augustus Deel 2 Theorie (opgave)
H08W4A,Fluid mechanics,Oefenzittingen,Oefenzittingen,30,169.13,Ba - Werktuigkunde,"2010 - 2011, 2011 - 2012, 2014 - 2015, 2015 - 2016, 2018 - 2019",Oplossingen Fluidum; Fluidum Oefz; Fluidum Opl Oefz1
H08W4A,Fluid mechanics,Samenvattingen,Samenvattingen,12,150.73,Ba - Werktuigkunde,"2012 - 2013, 2014 - 2015, 2015 - 2016, 2017 - 2018, 2018 - 2019",Annex 1 Vector And Tensor Notation Bsl; Oude Wiki Wo En Fluidum; Afleidingen Fluïdum Mechanica (ian Mertens)
H08W4A,Fluid mechanics,Samenvattingen,Overig / Other,9,6.31,Ba - Werktuigkunde,"2012 - 2013, 2014 - 2015, 2015 - 2016, 2018 - 2019",Annex Ch3 Table Centroids & Moments; Annex Ch3 Table Centroids & Moments Hq; Cilindercoordinaten
H08W4A,Fluid mechanics,Samenvattingen,Slides / Lesmateriaal,1044,387.34,Ba - Werktuigkunde,"2012 - 2013, 2018 - 2019, 2019 - 2020, 2022 - 2023, 2023 - 2024",H5dia127; Chapter 0 Intro Fm 2022 2023 Nick Hosewol; Chapter 1 Fm 2022 2023 Nick Hosewol
H08W5A,Heat Transfer,Examens,Examens,7,16.24,Ba - Werktuigkunde,"2014 - 2015, 2015 - 2016, 2017 - 2018, 2018 - 2019, 2021 - 2022",Examen Warmteoverdracht 2018 2019 (theorie); Examenoefening 21 1 13; Image
H08W5A,Heat Transfer,Oefenzittingen,Oefenzittingen,37,161.2,Ba - Werktuigkunde,"2010 - 2011, 2011 - 2012, 2012 - 2013, 2013 - 2014, 2018 - 2019",3 7 Giel Vdb; 3 7 Opmerking; Alle Oefeningen Warmteoverdracht Versie 1 0 (2)
H08W5A,Heat Transfer,Oefenzittingen,Labo & Code,3,0.0,Ba - Werktuigkunde,"2011 - 2012, 2012 - 2013, 2013 - 2014",Oefening2 7; Oefening4 4; Oefening4 6
H08W5A,Heat Transfer,Samenvattingen,Samenvattingen,12,91.24,Ba - Werktuigkunde,"2010 - 2011, 2011 - 2012, 2012 - 2013, 2013 - 2014, 2017 - 2018",Alternatieve Afleiding Lmtd En Effectiviteit; Diffusiemodel Samenvatting; Formularium Warmte 03 04
H08W5A,Heat Transfer,Samenvattingen,Overig / Other,12,2.84,Ba - Werktuigkunde,"2010 - 2011, 2013 - 2014, 2018 - 2019, 2019 - 2020",Ch2 Solution Of The Heat Diffusion Equation Hollow Sphere Without Heat Generation; Convectie Verduidelijking; Dimensionless Numbers
H08W5A,Heat Transfer,Samenvattingen,Slides / Lesmateriaal,20,78.96,Ba - Werktuigkunde,"2016 - 2017, 2018 - 2019, 2024 - 2025",Chapter 1 Wo Wdh 2016 2017; Chapter 10 Wo Wdh 2016 2017; Chapter 2 Wo Wdh 2016 2017
H08Z2A,Structures and Microstructures of Materials,Examens,Examens,1,0.06,Ba - Materiaalkunde,2008 - 2009,Examen Feedback2008 2009
H08Z2A,Structures and Microstructures of Materials,Oefenzittingen,Oefenzittingen,28,50.69,Ba - Materiaalkunde,"2009 - 2010, 2010 - 2011, 2012 - 2013, 2022 - 2023, 2023 - 2024",Theorie Moelans Opgaveoplossing Niels Stevens; Bindingsenergie; Faq Kristalstructuurterminologie
H08Z2A,Structures and Microstructures of Materials,Samenvattingen,Samenvattingen,4,195.96,Ba - Materiaalkunde,"2009 - 2010, 2012 - 2013, 2016 - 2017, 2023 - 2024",[2017 18] Studentencursus Structuurgenese Tibo Geenen; Formularium 0910; Samenvatting Structuurgenese
H08Z2A,Structures and Microstructures of Materials,Samenvattingen,Overig / Other,5,45.7,"Ba - Materiaalkunde, Ma - Materials Engineering","2009 - 2010, 2012 - 2013, 2020 - 2021, 2022 - 2023, 2023 - 2024",Belangrijke Begrippen Structuurgenese Elise Van Vlierberghe; Semiconductor Devices; Slowcrossing07
H08Z2A,Structures and Microstructures of Materials,Samenvattingen,Slides / Lesmateriaal,15,54.46,Ba - Materiaalkunde,"2009 - 2010, 2010 - 2011",Oefenzitting 1 Inleiding Kristallografie; Oefenzitting 1 Oplossing Esher Figuren; Oefenzitting 2 Kristallografie
H08Z8A,Sterkteleer 1,Examens,Examens,18,5.4,Ba - Architectuur,"2002 - 2003, 2003 - 2004, 2004 - 2005, 2005 - 2006, 2007 - 2008",^+; Examen 2003 01 (opgave + Numerieke Oplossing); Examen 2003 01 2 (opgave)
H08Z8A,Sterkteleer 1,Oefenzittingen,Oefenzittingen,47,158.22,"Ba - Architectuur, Ba - Bouwkunde","2016 - 2017, 2017 - 2018, 2018 - 2019, 2020 - 2021",Oefening Constructie En Sterkteleer Definitief; Oefeningen Samenvatting Afleidingen Sterkteleer1 Xandecoutere; Oefeningen 2016 2017 Stefanie Gantois
H08Z8A,Sterkteleer 1,Samenvattingen,Samenvattingen,5,3.08,Ba - Architectuur,2018 - 2019,Samenvatting Sterkteleer; Notitieshfdst5 Wringing; Notitieshfdst6 Buiging
H08Z8A,Sterkteleer 1,Samenvattingen,Overig / Other,6,8.06,Ba - Architectuur,2018 - 2019,Sterkteleer; Forms; Sterkteleer Theorie
H09B9C,Modellering van weefselfysiologie,Examens,Examens,12,9.21,"Ba - Biomedische technologie, Ba - Technologie van de levende systemen [OLD]","2012 - 2013, 2019 - 2020, 2023 - 2024",Celfysiologie Examenvraag 1; Celfysiologie Examenvraag 2; Weefselfysiologie Examenvraag Oplossing
H09B9C,Modellering van weefselfysiologie,Oefenzittingen,Oefenzittingen,4,3.25,Ba - Biomedische technologie,"2020 - 2021, 2023 - 2024",Celfysiologie Oefz 1 Pedro Devogelaere; Celfysiologie Oefz 2 Pedro Devogelaere; Weefseldynamiek Oefz Pedro Devogelaere
H09B9C,Modellering van weefselfysiologie,Samenvattingen,Overig / Other,12,18.84,"Ba - Biomedische technologie, Ba - Technologie van de levende systemen [OLD]",2019 - 2020,Mwf Les1; Mwf Les2; Mwf Les3
H09B9C,Modellering van weefselfysiologie,Samenvattingen,Samenvattingen,3,217.29,Ba - Biomedische technologie,"2020 - 2021, 2021 - 2022",Afleidingen Mwf (laurens Jansen); Lesnotities Mwf (kwinten Tambeur); Samenvatting Weefselfysiologie Deel 1 (luna Soleti)
H09D6A,Chemical Process Design,Examens,Examens,3,6.88,Ma - Chemical Engineering,"2020 - 2021, 2024 - 2025, 2025 - 2026",Cpd Exam Questions Rayan El Hahaoui; Exam Questions Mats De Weerd; Kato Kenis Cpd Exam Questions
H09D7A,Analytical Chemistry,Examens,Examens,1,0.66,Ma - Chemical Engineering,2021 - 2022,Exam Questions Analytical Chemistry (willem De Brandt)
H09D7A,Analytical Chemistry,Oefenzittingen,Oefenzittingen,1,17.73,Ma - Chemical Engineering,2021 - 2022,Exercises Analytical Chemistry (willem De Brandt)
H09D7A,Analytical Chemistry,Samenvattingen,Samenvattingen,1,18.97,Ma - Chemical Engineering,2020 - 2021,Summary Analytical Chemistry (kato Kenis)
H09D7A,Analytical Chemistry,Samenvattingen,Overig / Other,5,197.68,Ma - Chemical Engineering,"2013 - 2014, 2019 - 2020",What Should You Know? (ruben Hoornaert); Analytical Color (compressed) Ocr Final; Analytical Print Black Final
H09D7A,Analytical Chemistry,Samenvattingen,Slides / Lesmateriaal,1,45.46,Ma - Chemical Engineering,2019 - 2020,Syllabus Analytical Chemistry (slides)
H09D9A,Management Challenges in the Chemical Industry,Examens,Examens,4,7.4,Ma - Chemical Engineering,"2021 - 2022, 2025 - 2026",Exam Management Challenges (2022); Exam Management Challenges (2022) Solution (niels Stevens); Management Exam Questions Wiki (niels Stevens)
H09D9A,Management Challenges in the Chemical Industry,Samenvattingen,Overig / Other,3,3.35,Ma - Chemical Engineering,"2022 - 2023, 2023 - 2024",Management Challenges In The Chemical Industry (h09d9a) Mcci Prof Dejaeger (lukas Hiel); Management Challenges In The Chemical Industry (h09d9a) Mcci Prof Sterckx (lukas Hiel); Npv Table (empty)
H09D9A,Management Challenges in the Chemical Industry,Samenvattingen,Slides / Lesmateriaal,1,23.15,Ma - Chemical Engineering,2022 - 2023,Management Challenges (lecture 1 6)
H09E0A,Water Technology,Examens,Examens,3,0.75,Ma - Chemical Engineering,2022 - 2023,Exam Water Questions; Exam Water Solutions (chatgpt); Exam Water Solutions (willem De Brandt & Thomas Jaques)
H09E0A,Water Technology,Samenvattingen,Slides / Lesmateriaal,3,2.52,Ma - Chemical Engineering,2022 - 2023,Water Technology (h09e0a) Wt1 – Class Notes (lukas Hiel); Water Technology (h09e0a) Wt2 – Class Notes (lukas Hiel); Water Technology (h09e0a) Wt3 – Class Notes (lukas Hiel)
H09E0A,Water Technology,Samenvattingen,Samenvattingen,1,0.07,Ma - Chemical Engineering,2022 - 2023,Water Technology Summary (willem De Brandt)
H09E1A,Powder Technology,Examens,Examens,3,27.65,Ma - Chemical Engineering,2022 - 2023,Exam Powder Questions; Exam Powder Solutions (chatgpt); Exam Powder Solutions (willem De Brandt)
H09E1A,Powder Technology,Samenvattingen,Overig / Other,1,6.16,Ma - Chemical Engineering,2022 - 2023,Particle Technology 2nd Edition Martin Rhodes
H09E1A,Powder Technology,Samenvattingen,Slides / Lesmateriaal,9,88.1,Ma - Chemical Engineering,2022 - 2023,Lecture 1 Psd Analysis; Lecture 2 Sedimentation Thickener Design; Lecture 3 Packed Bed Fluidisation
H09E1A,Powder Technology,Samenvattingen,Samenvattingen,3,151.07,Ma - Chemical Engineering,"2023 - 2024, 2025 - 2026",Summary Powder Technology (niels Stevens); Summary Powder Technology Kevin De Boevre; Summary Particle Technology 1481560172
H09E2A,Design and Analysis of Polymeric Systems,Samenvattingen,Overig / Other,1,11.75,Ma - Chemical Engineering,2024 - 2025,Exam2014 2024 Vedranvangramberen Compressed
H09E7A,Waste Water Treatment Technology,Examens,Examens,4,1.43,Ma - Chemical Engineering,2022 - 2023,Exam Wastewater Solutions (willem De Brandt); Exam Question (willem De Brandt); Exam Question Solution (willem De Brandt)
H09E7A,Waste Water Treatment Technology,Samenvattingen,Slides / Lesmateriaal,14,61.25,Ma - Chemical Engineering,2022 - 2023,Lecture 1 Introduction (b); Lecture 10 Desinfection And Reuse (b); Lecture 2 Introduction To Secondary (i)
H09E7A,Waste Water Treatment Technology,Samenvattingen,Samenvattingen,2,106.41,Ma - Chemical Engineering,"2023 - 2024, 2025 - 2026",Summary Waste Water Treatment Kevin De Boevre (2023 2024); Wastewater Treatment Summary (niels Stevens)(2025 2026)
H09F0A,Chemical Product Design,Samenvattingen,Samenvattingen,1,1.11,Ma - Chemical Engineering,2023 - 2024,Summary 1465233928
H09F2A,Bioconversion Technology,Examens,Examens,3,22.43,Ma - Chemical Engineering,"2022 - 2023, 2025 - 2026",Bioconversion Exam Question Solutions (hannah Levrau); Exam Bioconversion Questions; Exam Wiki 19 Jan 2026 Morning Solution (niels Stevens)
H09F2A,Bioconversion Technology,Samenvattingen,Slides / Lesmateriaal,7,49.6,Ma - Chemical Engineering,2022 - 2023,Lecture 0 Introduction; Lecture 2 Liquid Bioreactors And Process Development; Lecture 3 Cell Retention Systems
H09F2A,Bioconversion Technology,Samenvattingen,Samenvattingen,2,46.39,Ma - Chemical Engineering,"2022 - 2023, 2025 - 2026",Bioconversion Summary (willem De Brandt); Summary Bioconversion Extension (niels Stevens)
H09F4A,Air Pollution and Control,Examens,Examens,1,0.14,Ma - Chemical Engineering,2022 - 2023,Exam Apc Solutions (chatgpt)
H09F7A,Polymer Processing,Examens,Examens,2,24.04,Ma - Materials Engineering,"2022 - 2023, 2023 - 2024",Exam Question To Prepare 2023; Oud Examenvragen Polymer Processing Marion Cardous
H09F7A,Polymer Processing,Samenvattingen,Samenvattingen,1,54.29,Ma - Chemical Engineering,2023 - 2024,Notes Alessandro La Biunda 2024
H09F7A,Polymer Processing,Samenvattingen,Overig / Other,1,2.81,Ma - Materials Engineering,2024 - 2025,Polymer Processing Sara Marie Delcourte
H09G2A,Integrated Problem Solving in Energy,Oefenzittingen,Oefenzittingen,26,98.81,Ma - Energy,"2015 - 2016, 2016 - 2017, 2017 - 2018, 2018 - 2019, 2024 - 2025",Ipse Book 2017 2018; Ipse Book Solutions 2018 2019; 2 04
H09G2A,Integrated Problem Solving in Energy,Samenvattingen,Overig / Other,25,15.03,Ma - Energy,"2015 - 2016, 2016 - 2017, 2018 - 2019, 2021 - 2022",12200606 10208217799266021 965455719 N; 12200693 10208217804026140 875215565 N; 12200906 10208217804586154 1438414267 N
H09I9A,Design of RF and mm-Wave Integrated Circuits,Examens,Examens,1,1.95,Ma - Electrical Engineering,2024 - 2025,Rf Examenvragen Robbe Robbe
H09I9A,Design of RF and mm-Wave Integrated Circuits,Oefenzittingen,Verslagen & Projecten,2,4.89,Ma - Electrical Engineering,2018 - 2019,Power Combining Original Paper; Tline Paper
H09I9A,Design of RF and mm-Wave Integrated Circuits,Samenvattingen,Overig / Other,6,7.11,Ma - Electrical Engineering,"2008 - 2009, 2010 - 2011, 2018 - 2019",Common Mode Stability With Supply Network Isscc; Common Mode Stability With Supply Network Tcas; Kim Jssc 2011
H09I9A,Design of RF and mm-Wave Integrated Circuits,Samenvattingen,Samenvattingen,2,1.6,Ma - Electrical Engineering,2018 - 2019,Gate Resistance Summary; Transformers Notes
H09I9A,Design of RF and mm-Wave Integrated Circuits,Samenvattingen,Slides / Lesmateriaal,2,16.62,Ma - Electrical Engineering,2018 - 2019,Power Combining Berkeley Lecture; The Feynman Lectures On Physics Vol Ii Ch 24 Waveguides
H09J2A,Image Analysis and Understanding,Examens,Examens,2,1.09,Ma - Electrical Engineering,"2023 - 2024, 2024 - 2025",Iau Exam Questions And Solutions Maarten De Baecke; Image Analysis Understanding Exam Questions Jasper Visterin Alexandre Haverbeke
H09J2A,Image Analysis and Understanding,Samenvattingen,Samenvattingen,3,35.52,Ma - Electrical Engineering,"2017 - 2018, 2018 - 2019",Pattern Recognition Samenvatting Deel 1 Ellen Anthonissen; Pattern Recognition Samenvatting Deel 2 Ellen Anthonissen; Prii Notas Ellen 2018
H09J2A,Image Analysis and Understanding,Samenvattingen,Slides / Lesmateriaal,2,129.31,Ma - Computer Science,2022 - 2023,Proesmans; Tinneslides
H09J4A,Building Blocks for Telecom Systems,Examens,Examens,3,0.76,Ma - Electrical Engineering,"2017 - 2018, 2021 - 2022",! Black Smith Charts For Toledo (exam Format) 2; ! Colour Smith Charts For Toledo (exam Format) 1; Examenvragen
H09J4A,Building Blocks for Telecom Systems,Oefenzittingen,Oefenzittingen,2,13.16,Ma - Electrical Engineering,"2017 - 2018, 2020 - 2021",Exercise Session 3; Solutions Manual For Microwave Engineeri
H09J4A,Building Blocks for Telecom Systems,Oefenzittingen,Verslagen & Projecten,1,0.38,Ma - Electrical Engineering,2017 - 2018,Paper Over Cpw Met Figuren Serie En Parallel Stub (slide 2 24)
H09J4A,Building Blocks for Telecom Systems,Samenvattingen,Overig / Other,15,50.87,Ma - Electrical Engineering,"2017 - 2018, 2018 - 2019, 2019 - 2020, 2024 - 2025",2018 2019 Bbts Extra Questions; 2019 2020 Bbts Extra Questions; 2019 2020 Bbts Extra Questions Solution
H09J4A,Building Blocks for Telecom Systems,Samenvattingen,Samenvattingen,1,5.37,Ma - Electrical Engineering,2017 - 2018,Notities H2
H09J6B,Design of Digital Platforms: Concepts,Examens,Examens,4,7.58,Ma - Electrical Engineering,"2017 - 2018, 2019 - 2020, 2024 - 2025",Ddp Exam 22 01 2025; Exam Design Of Digital Platforms (13 01 2020); Exam Question (bastiaan Tamm)
H09J6B,Design of Digital Platforms: Concepts,Samenvattingen,Overig / Other,20,73.85,Ma - Electrical Engineering,"2015 - 2016, 2017 - 2018, 2019 - 2020",C7 Exc (liese Monard); C8 Exa (liese Monard); Cmos Vlsi Design A Circuits And Systems Perspective
H09J9A,Software for Real-Time Control,Examens,Examens,1,1.62,Ma - Electrical Engineering,2025 - 2026,Swrtc Samenvatting Examenvragen Robbe Robbe
H09J9A,Software for Real-Time Control,Oefenzittingen,Oefenzittingen,1,0.18,Ma - Electrical Engineering,2021 - 2022,Srtc Vragen Lindenouwen 2022
H09J9A,Software for Real-Time Control,Samenvattingen,Overig / Other,4,2.08,Ma - Electrical Engineering,"2017 - 2018, 2020 - 2021, 2021 - 2022",Mappingcodelesnaarpaginanummerboek; Real Time Systems And Programming Languages Ex Questions; Real Time Systems
H09J9A,Software for Real-Time Control,Samenvattingen,Samenvattingen,1,0.6,Ma - Electrical Engineering,2019 - 2020,Software For Real Time Control Summary (2019 2020)
H09J9A,Software for Real-Time Control,Samenvattingen,Slides / Lesmateriaal,7,4.19,Ma - Electrical Engineering,"2012 - 2013, 2014 - 2015",Prtc Chap01 Eng(2)bw; Prtc Chap02 03 Eng(2)bw; Prtc Chap04 05 06 Engbw
H09K1A,Design of Digital Integrated Circuits,Examens,Examens,1,0.14,Ma - Electrical Engineering,2005 - 2006,[ddic] Exam 05 06 2020
H09K1A,Design of Digital Integrated Circuits,Oefenzittingen,Verslagen & Projecten,1,2.05,Ma - Electrical Engineering,2018 - 2019,Isscc Ibm Z13 Processor
H09K1A,Design of Digital Integrated Circuits,Samenvattingen,Overig / Other,96,103.46,Ma - Electrical Engineering,"2017 - 2018, 2018 - 2019",Chapter 1 Logic Beyond Standard Cmos; Dic Exercise Session 1; Example Questions Design Of Digital Platforms (aka “digital Integrated System Design For Perceptive Systems And Ai”)
H09K1A,Design of Digital Integrated Circuits,Samenvattingen,Slides / Lesmateriaal,1,5.79,Ma - Electrical Engineering,2018 - 2019,L3 Sony Guest Lecture
H09K1A,Design of Digital Integrated Circuits,Samenvattingen,Samenvattingen,1,0.09,Ma - Electrical Engineering,2018 - 2019,Main Notes Bundle Dwuqqh03whtyzoee5sizdq Js
H09K3A,Advanced Topics on Analog and RF IC Design,Examens,Examens,1,2.01,Ma - Electrical Engineering,2025 - 2026,Advancedtopics Examenvragen Robbe Robbe 2025
H09K3A,Advanced Topics on Analog and RF IC Design,Oefenzittingen,Verslagen & Projecten,9,3.13,Ma - Electrical Engineering,2017 - 2018,00507704; 00668989; 01471132
H09K3A,Advanced Topics on Analog and RF IC Design,Samenvattingen,Overig / Other,18,31.89,Ma - Electrical Engineering,"1993 - 1994, 1994 - 1995, 1997 - 1998, 2001 - 2002, 2008 - 2009","(the Springer International Series In Engineering And Computer Science 439) J Craninckx, M Steyaert (auth ) Wireless Cmos Frequency Synthesizer Design Springer Us (1998); Cmos Mos Mixer Rofougaran Esscirc 1995; Cmos Wireless Transreceiver Design"
H09L4A,e-Security,Examens,Examens,1,0.2,Ma - Electrical Engineering,2019 - 2020,E Security Oud Examens
H09L4A,e-Security,Samenvattingen,Overig / Other,1,1.64,Ma - Electrical Engineering,2021 - 2022,Dieter Gollmann Wiley Computer Security 3rd Edition 0470741155
H09M0A,P&D Information Systems and Signal Processing,Oefenzittingen,Oefenzittingen,19,80.12,Ma - Mobility and Supply Chain Engineering,"2021 - 2022, 2025 - 2026",Assignment 1 Digitizing; Buildings; Buildings
H09M0A,P&D Information Systems and Signal Processing,Samenvattingen,Slides / Lesmateriaal,11,32.45,"Ma - Biomedical Engineering, Ma - Mobility and Supply Chain Engineering","2013 - 2014, 2021 - 2022",Mia6 Imageregistration Slides; Mia7 Voxelbasedimageregistration Slides; Session 1a Structuring Of Geodatasets
H09M0A,P&D Information Systems and Signal Processing,Samenvattingen,Samenvattingen,2,0.2,"Ba - Biomedische technologie, Ma - Architectuur",2020 - 2021,Samenvatting Fysiologische Stelsels (maxime Saenen); Sociologie Les 4 Sociologische Methoden (17 03)
H09M0A,P&D Information Systems and Signal Processing,Samenvattingen,Overig / Other,4,50.5,Ma - Mobility and Supply Chain Engineering,2021 - 2022,Introduction Tutorial; Part 1 Interpolation; Part 2 Terrain Modelling
H09M1A,Verkeersstroomtheorie,Examens,Examens,2,0.18,Ba - Bouwkunde,2017 - 2018,Jquery Cachekey7660; Slimbox2 Cachekey6293
H09M1A,Verkeersstroomtheorie,Oefenzittingen,Oefenzittingen,5,1.12,Ma - Mobility and Supply Chain Engineering,2021 - 2022,Traffic Assignment 1 2; Traffic Assignment 3 6; Traffic Assignment 7
H09M1A,Verkeersstroomtheorie,Samenvattingen,Slides / Lesmateriaal,13,26.08,Ma - Mobility and Supply Chain Engineering,2021 - 2022,1 Intro And Transport System; 10 Public Transport; 2 Discrete Choice Analysis
H09P9A,Multimedia Technology and Coding,Samenvattingen,Slides / Lesmateriaal,8,174.95,Ma - Electrical Engineering,"2012 - 2013, 2017 - 2018, 2018 - 2019, 2021 - 2022, 2025 - 2026",Index; Mtc Notas Ellen 2018; Mtc Previousexamquestions 2025 B Schoepen
H0A01B,Operational Management,Examens,Examens,5,4.01,Ba - Bedrijfsbeheer,"2010 - 2011, 2015 - 2016, 2019 - 2020, 2021 - 2022, 2025 - 2026",Operationeel Management Examenvragen; Examen Om 2022; Examenvragen
H0A01B,Operational Management,Oefenzittingen,Oefenzittingen,18,3.93,Ba - Bedrijfsbeheer,"2009 - 2010, 2013 - 2014, 2025 - 2026",Oplossingcaseboekenhandel; Om S1 A 1; Om S1 Q 3
H0A01B,Operational Management,Samenvattingen,Samenvattingen,3,5.97,"Ba - Bedrijfsbeheer, Schakel - Werktuigkunde","2009 - 2010, 2010 - 2011, 2018 - 2019",Notas Jeroenbelis Oml; Samenvatting; Samenvatting
H0A01B,Operational Management,Samenvattingen,Overig / Other,10,95.79,"Ba - Bedrijfsbeheer, Schakel - Werktuigkunde","2010 - 2011, 2011 - 2012, 2013 - 2014, 2018 - 2019, 2024 - 2025",Oml S1 A; Oml S1 Q; Oml S2 A
H0A01B,Operational Management,Samenvattingen,Slides / Lesmateriaal,22,102.39,Ba - Bedrijfsbeheer,"2009 - 2010, 2011 - 2012, 2013 - 2014",Slides Deel 2 (printable); Chapter 1 Strategy And Competition; Chapter 10 Facilities Layout And Location 1
H0A07A,Transportation Systems Analysis,Examens,Examens,1,0.03,Ma - Mobility and Supply Chain Engineering,2025 - 2026,Dca Basic Exam Nov 2025 Opgave
H0A15A,Virtual Product Development,Examens,Examens,1,0.02,Schakel - Werktuigkunde,2018 - 2019,Examenvoorbereiding
H0A21A,Two-Phase Flow: Theory and Applications,Examens,Examens,3,9.33,Ma - Energy,"2016 - 2017, 2017 - 2018",Examenvragen Wiki; Tweefasenstromingen En Warmteoverdracht Samenvatting Examenvragen; Exams Rules1718
H0A21A,Two-Phase Flow: Theory and Applications,Oefenzittingen,Oefenzittingen,22,51.24,"Ma - Energy, Ma - Mechanical Engineering","2017 - 2018, 2018 - 2019, 2019 - 2020, 2020 - 2021",Exercisesession1 Question1; Exercisesession1 Question2; Exercisesession1 Solution1
H0A21A,Two-Phase Flow: Theory and Applications,Samenvattingen,Overig / Other,15,160.41,"Ma - Energy, Ma - Mechanical Engineering","2010 - 2011, 2017 - 2018, 2018 - 2019, 2020 - 2021, 2023 - 2024","Crowe, Clayton T Multiphase Flows With Droplets And Particles, Second Edition (2011, Crc Press); Multiphase Flow Handbook Clayton T Crowe; Course Text Part1"
H0A21A,Two-Phase Flow: Theory and Applications,Samenvattingen,Slides / Lesmateriaal,7,101.33,Ma - Energy,"2017 - 2018, 2018 - 2019",0 Practical Course Info Tff; 1 2 Intro 2pf Complete; 3 Gas Liquid And Gas Solid Transport 2pf
H0E62A,Advanced Subtractive Manufacturing,Samenvattingen,Samenvattingen,1,15.86,Ma - Mechanical Engineering,2023 - 2024,Samenvatting Advancedsubtractivemanufacturing (lukasvandenbroeck)
H0E62A,Advanced Subtractive Manufacturing,Samenvattingen,Overig / Other,1,12.94,Ma - Mechanical Engineering,2025 - 2026,Sv Asm Benji
H0E68B,Production and Quality Assurance Processes in the Aerospace Industry,Samenvattingen,Overig / Other,2,0.8,Ma - Mechanical Engineering,2024 - 2025,Learning Curve (2); Learning Curve Exam
H0E68B,Production and Quality Assurance Processes in the Aerospace Industry,Samenvattingen,Samenvattingen,1,28.88,Ma - Mechanical Engineering,2024 - 2025,Summary Qap Noah Steinier
H0E70A,Vehicle Propulsion,Examens,Examens,7,12.28,Ma - Mechanical Engineering,2020 - 2021,Exam 20190607(1); Exam 20190618(1); Exam 20190827(1)
H0E76A,Model Predictive Control,Examens,Examens,1,3.22,Ma - Mathematical Engineering,2021 - 2022,Example Exam With Solutions
H0E89A,Mobile Networks,Oefenzittingen,Oefenzittingen,1,1.97,Ma - Electrical Engineering,2017 - 2018,Mp Oefenzitting4 Oef1
H0E89A,Mobile Networks,Samenvattingen,Overig / Other,27,26.09,Ma - Electrical Engineering,"2003 - 2004, 2014 - 2015, 2017 - 2018",Goldsmith A Wireless Communications (2004); 15 Januari 2015; 20140117 Examen
H0E89A,Mobile Networks,Samenvattingen,Slides / Lesmateriaal,1,15.47,Ma - Electrical Engineering,2019 - 2020,H05s2a 2019 2g 3g 4g Slides Met Notities
H0E92A,Design and Implementation of Analog Circuits,Examens,Examens,11,7.12,Ma - Electrical Engineering,"2017 - 2018, 2019 - 2020",Exam Diac 17 01 2020; Old Example Exam Questions; Photos 3 Dropbox Com (1)
H0E92A,Design and Implementation of Analog Circuits,Oefenzittingen,Oefenzittingen,6,21.39,Ma - Electrical Engineering,"2019 - 2020, 2023 - 2024",Design Exercise Pag 139 (bart Coomans); Design Exercise Pag 329 (bart Coomans); Design Exercise Pag 346 (bart Coomans)
H0E92A,Design and Implementation of Analog Circuits,Samenvattingen,Overig / Other,20,48.81,Ma - Electrical Engineering,"2001 - 2002, 2003 - 2004, 2017 - 2018, 2019 - 2020, 2024 - 2025",00535553; 00597284; 00992989
H0E95A,Chemical Engineering for Human Health,Examens,Examens,4,14.95,Ma - Chemical Engineering,"2019 - 2020, 2020 - 2021, 2022 - 2023",Exam Questions Human Health (eline Coenaerts & Eline Anthonissen); Exam Questions Human Health (kato Kenis); Exam Questions Human Health Blank
H0E95A,Chemical Engineering for Human Health,Samenvattingen,Samenvattingen,5,33.38,"Ma - Biomedical Engineering, Ma - Chemical Engineering","2019 - 2020, 2020 - 2021, 2022 - 2023, 2024 - 2025",Summary Human Health (eline Coenaerts & Eline Anthonissen); Summary Human Health (kato Kenis); Summary Human Health (marie Gladines)
H0E98A,Principles of Machine Learning,Examens,Examens,9,15.38,Ma - Computer Science,"2019 - 2020, 2021 - 2022, 2022 - 2023",2024 January Exam Solution Poml; August 2020; Examjan20 Wouterlegiest
H0E98A,Principles of Machine Learning,Oefenzittingen,Oefenzittingen,16,3.23,Ma - Computer Science,2019 - 2020,Session1; Session1 Solution; Session2
H0E98A,Principles of Machine Learning,Samenvattingen,Overig / Other,1,0.05,Ma - Computer Science,2019 - 2020,Poml Abbreviations Md
H0E98A,Principles of Machine Learning,Samenvattingen,Samenvattingen,4,40.75,Ma - Computer Science,"2019 - 2020, 2023 - 2024",Principles Of Machine Learning Studenten Summary; Samenvatting Ml Yannou Ravout 2020; Formularium Blockeel Davis
H0E98A,Principles of Machine Learning,Samenvattingen,Slides / Lesmateriaal,21,65.5,Ma - Computer Science,2019 - 2020,Lecture B1 Overview And Intro; Lecture B2 Decision Trees; Lecture B3 Rules And Ilp
H0G03A,Electronic Transport in Solids and Nanostructures,Examens,Examens,1,1.63,"Ma - Nanoscience, -technology and -engineering",2022 - 2023,Electronic Transport Summary Based On Potential Exam Questions (1)
H0H00A,Thermal Systems,Examens,Examens,15,3.31,Ma - Energy,"2011 - 2012, 2013 - 2014, 2014 - 2015, 2015 - 2016, 2018 - 2019",13460825 10209902514059938 1374990449 O; 13467278 10209902514379946 687724871 O; 13467674 10209902514219942 139840969 O
H0H00A,Thermal Systems,Oefenzittingen,Oefenzittingen,12,3.02,"Ma - Energy, Ma - Mechanical Engineering","2010 - 2011, 2014 - 2015",Oefening Thermische Systemen 1 Vraag 1; Oefening Thermische Systemen 2 Vraag2; Oefening Thermische Systemen 3 Vraag2
H0H00A,Thermal Systems,Oefenzittingen,Verslagen & Projecten,2,1.83,"Ma - Energy, Ma - Mechanical Engineering",2019 - 2020,Report Chp Lab Clan; Report Chp Lab Clan
H0H00A,Thermal Systems,Samenvattingen,Overig / Other,30,394.38,"Ma - Energy, Ma - Mechanical Engineering","2010 - 2011, 2015 - 2016, 2016 - 2017, 2017 - 2018",Ts Refrigerators Md; Ts Refrigerators Text Nl (prof Helsen); Ts Refrigerators Text Nl (student)
H0H00A,Thermal Systems,Samenvattingen,Samenvattingen,11,116.38,"Ma - Energy, Ma - Mechanical Engineering","2011 - 2012, 2013 - 2014, 2015 - 2016, 2017 - 2018",Ts Refrigerators Notes (prof Helsen); Ts Refrigerators Notes; Nl Cursus Thermal Systems
H0H06A,Sterkteleer 2,Examens,Examens,39,128.3,"Ba - Architectuur, Ba - Bouwkunde","2013 - 2014, 2017 - 2018, 2018 - 2019, 2019 - 2020, 2022 - 2023",Sl3 2014 Aug Oplossing; Sl3 2014 Aug; Sl3 201501 Oplossing
H0H06A,Sterkteleer 2,Oefenzittingen,Oefenzittingen,34,332.76,"Ba - Architectuur, Ba - Bouwkunde","2017 - 2018, 2018 - 2019, 2019 - 2020, 2020 - 2021, 2022 - 2023",Theorievragen; Theorievragensl2 Charlottegoes Cathominnen Nielpittoors Jarisijbers; Oefenzitting10
H0H06A,Sterkteleer 2,Samenvattingen,Overig / Other,12,157.86,"Ba - Architectuur, Ba - Bouwkunde","2009 - 2010, 2017 - 2018, 2018 - 2019",Opgeloste Oef Michiel; 20120330153245; 20120330153441
H0H06A,Sterkteleer 2,Samenvattingen,Samenvattingen,15,34.07,Ba - Bouwkunde,"2017 - 2018, 2020 - 2021",Notities Eerste Deel (emma Stalmans); Nota's Bouwmech + Oef; Nota's Sterkteleer
H0H08A,Anatomie,Examens,Examens,6,1.94,Ba - Biomedische technologie,"2019 - 2020, 2020 - 2021, 2025 - 2026",Aanduiden Botten; Aanduiden Spieren; Belangrijke Gewrichten (veronique Lenaerts)
H0H08A,Anatomie,Samenvattingen,Overig / Other,10,93.04,"Ba - Biomedische technologie, Ma - Biomedical Engineering","2017 - 2018, 2020 - 2021, 2025 - 2026","2011les2bir2b; Color Atlas Of Human Anatomy, Volume I Locomotor System (platzer, 3th Ed); Les 6 Bovenste Ledematen"
H0H08A,Anatomie,Samenvattingen,Samenvattingen,4,91.44,Ba - Biomedische technologie,"2019 - 2020, 2021 - 2022",Cursus Samenvatting (nic Vermeeren); Flashcards (annelien Eyskens); Samenvatting Functionele Anatomie Van Het Menselijke Lichaam (tiziana Dozin)
H0H08A,Anatomie,Samenvattingen,Slides / Lesmateriaal,1,52.11,Ba - Biomedische technologie,2021 - 2022,Flashcards Functionele Anatomie (kathy Rebeck)
H0H10A,Cellulaire biofysica,Examens,Examens,9,8.42,Ba - Biomedische technologie,"2010 - 2011, 2011 - 2012, 2012 - 2013, 2017 - 2018, 2019 - 2020",Biofysica Examen Juni 2020; 2011 Janv Enoncé; 2011 Sept Enoncé
H0H10A,Cellulaire biofysica,Oefenzittingen,Oefenzittingen,15,58.5,Ba - Biomedische technologie,"2019 - 2020, 2023 - 2024",Cellulaire Biofysica Oefenzitting 1 Victordaniels; Cellulaire Biofysica Oefenzitting 2 Victordaniels; Cellulaire Biofysica Oefenzitting 3 Victordaniels
H0H10A,Cellulaire biofysica,Samenvattingen,Samenvattingen,2,10.38,Ba - Biomedische technologie,"2019 - 2020, 2023 - 2024",Samenvatting Theorie Biofysica (sander Crols); Cbf Theorie Karolienpoppeliers
H0H12B,Weefselmechanica,Examens,Examens,3,0.97,Ba - Biomedische technologie,"2019 - 2020, 2022 - 2023",Examen Weefselmechanica 22 06 2023; Examenvragen Juni 2020; Examenvragen Weefselmechanica 2020
H0H12B,Weefselmechanica,Samenvattingen,Samenvattingen,5,17.63,Ba - Biomedische technologie,2019 - 2020,Samenvatting Botmechanica (veronique Lenaerts); Samenvatting Kraakbeenmechanica (veronique Lenaerts); Samenvatting Soft Tissue Mechanics (veronique Lenaerts)
H0H51A,Elasticiteits- en plasticiteitsleer,Examens,Examens,9,108.92,Ba - Bouwkunde,"2010 - 2011, 2017 - 2018, 2018 - 2019, 2024 - 2025, 2025 - 2026",E P Examen 9 Januari 2025; Examen E&p Juni 2011; Examen E&p 2019
H0H51A,Elasticiteits- en plasticiteitsleer,Oefenzittingen,Oefenzittingen,28,213.12,Ba - Bouwkunde,"2017 - 2018, 2023 - 2024, 2024 - 2025, 2025 - 2026",Oefeningenbundel; Elasticiteit En Plasticiteitsleer Oefeningen Deel 1; Elasticiteit En Plasticiteitsleer Oefeningen Deel 2
H0H51A,Elasticiteits- en plasticiteitsleer,Samenvattingen,Samenvattingen,13,30.1,Ba - Bouwkunde,"2021 - 2022, 2024 - 2025",Sv Elasticiteits En Plasiciteitsleer Pv; Samenvatting Hoofdstuk 1; Samenvatting Hoofdstuk 10
H0H53A,Technologie van bouwmaterialen,Examens,Examens,2,0.07,Ba - Bouwkunde,"2022 - 2023, 2024 - 2025",Examenvragen Technologie Van Bouwmaterialen Lily Vreven; Opgeloste Examenvragen Lotte Hendrix
H0H53A,Technologie van bouwmaterialen,Samenvattingen,Samenvattingen,14,71.67,"Ba - Architectuur, Ba - Bouwkunde","2021 - 2022, 2025 - 2026",Samenvatting Technologie Van Bouwmaterialen 2025 2026 Yoana; Hoofdstuk 1 Samenvatting; Hoofdstuk 2 Samenvatting
H0H53A,Technologie van bouwmaterialen,Samenvattingen,Overig / Other,1,0.27,Ba - Bouwkunde,2024 - 2025,Hulpmiddel Eerste Examenvraag
H0H55A,P&O Bouwkunde,Oefenzittingen,Verslagen & Projecten,46,60.75,Ba - Bouwkunde,"2011 - 2012, 2017 - 2018, 2018 - 2019",Belastingen; Belastingen2; Eurocodes
H0H61A,Statistische methoden voor biomedische,Examens,Examens,3,5.07,Ba - Biomedische technologie,"2021 - 2022, 2022 - 2023, 2023 - 2024",Examen 9 Juni 2023 Pedro Devogelaere; Practiceexam Pedro Devogelaere; Practiceexam
H0H61A,Statistische methoden voor biomedische,Oefenzittingen,Oefenzittingen,16,32.19,Ba - Biomedische technologie,"2021 - 2022, 2022 - 2023, 2023 - 2024",Ex 1 Pedro Devogelaere; Ex 2 Pedro Devogelaere; Ex 4 Pedro Devogelaere
H0H61A,Statistische methoden voor biomedische,Samenvattingen,Samenvattingen,2,1.69,Ba - Biomedische technologie,2023 - 2024,Samenvatting Statistische Testen Pedro Devogelaere; Samenvatting Parametrisch Vs Non Parametrische Testen Aryu Kapuriya
H0H61A,Statistische methoden voor biomedische,Samenvattingen,Slides / Lesmateriaal,8,32.62,Ba - Biomedische technologie,2020 - 2021,H0h61a Module1; H0h61a Module2a; H0h61a Module2b
H0M69B,Applied Algebra and Differential Equations,Examens,Examens,1,0.11,Schakel - Algemeen,2020 - 2021,Examen 2021
H0M69B,Applied Algebra and Differential Equations,Oefenzittingen,Oefenzittingen,3,23.66,Schakel - Algemeen,2023 - 2024,Differentiaalvergelijkingen Oefeningen Deel 1; Differentiaalvergelijkingen Oefeningen Deel 2; Lineaire Algebra Oefeningen
H0M69B,Applied Algebra and Differential Equations,Samenvattingen,Overig / Other,1,0.14,Schakel - Algemeen,2020 - 2021,La Dv Exam
H0M70A,Mechanics,Examens,Examens,34,60.58,"Ba - Algemene gemeenschappelijke basis, Ba - Architectuur, Ba - Bouwkunde, Schakel - Algemeen","1995 - 1996, 1996 - 1997, 1997 - 1998, 2000 - 2001, 2002 - 2003",Examen 2010; Examen Jan 2010 Modeloplossing; Examen Mechanica1
H0M70A,Mechanics,Oefenzittingen,Oefenzittingen,113,413.56,"Ba - Algemene gemeenschappelijke basis, Ba - Architectuur, Ba - Bouwkunde, Ma - Biomedical Engineering, Ma - Materials Engineering, Schakel - Algemeen","2001 - 2002, 2002 - 2003, 2003 - 2004, 2004 - 2005, 2005 - 2006",Oplossing Examenvraag 1 (1); Oplossing Examenvraag 1; Ex090123oplossing 1
H0M70A,Mechanics,Samenvattingen,Overig / Other,19,5.65,"Ba - Architectuur, Ba - Bouwkunde, Ma - Biomedical Engineering",2017 - 2018,Photos 1 Dropbox Com (1); Photos 1 Dropbox Com; Thumbs (1)
H0M70A,Mechanics,Samenvattingen,Samenvattingen,15,128.24,"Ba - Algemene gemeenschappelijke basis, Ba - Bouwkunde, Ma - Biomedical Engineering, Schakel - Algemeen","2010 - 2011, 2017 - 2018, 2019 - 2020, 2020 - 2021, 2021 - 2022",Samenvatting Musculo Sarah Muys; Samenvatting Rots Deel 1 Oscar Neyrinck 2020; Samenvatting Rots Deel 2 Oscar Neyrinck 2020
H0M72A,"Electricity, Magnetism and Waves",Examens,Examens,5,0.45,Schakel - Algemeen,"2018 - 2019, 2020 - 2021, 2024 - 2025",Emg Examen 2021; Examen Emg 28 08 2025; Examenvragen 2019
H0M72A,"Electricity, Magnetism and Waves",Oefenzittingen,Oefenzittingen,68,34.42,Schakel - Algemeen,2018 - 2019,Antwoorden Studenten Op Vragen Vectoren Magnetisme Golven Kristallografie2007; Disclaimervragenvooraanboek; Vragenvooraanboek Gecomprimeerd
H0M72A,"Electricity, Magnetism and Waves",Oefenzittingen,Verslagen & Projecten,6,15.04,Schakel - Algemeen,2018 - 2019,Beste Verslagen Dielectrica A; Beste Verslagen Dielectrica B; Beste Verslagen Geleiding
H0M72A,"Electricity, Magnetism and Waves",Samenvattingen,Slides / Lesmateriaal,1,1.94,"Ma - Nanoscience, -technology and -engineering",2022 - 2023,Magnetism Lecture Notes Senne Vervoort
H0M72A,"Electricity, Magnetism and Waves",Samenvattingen,Overig / Other,2,0.23,Schakel - Algemeen,2021 - 2022,Listofsymbols; Listofsymbols
H0M80A,Numerical Simulation of Differential Equations,Examens,Examens,2,0.26,Ma - Mathematical Engineering,"2021 - 2022, 2023 - 2024",Exam 26 01 2024 Nsde Reconstruction; Theoretical Exam Questions (veronique Lenaerts 2021 2022)
H0M80A,Numerical Simulation of Differential Equations,Oefenzittingen,Oefenzittingen,8,8.15,Ma - Mathematical Engineering,"2021 - 2022, 2023 - 2024",Exercises Time Integration (veronique Lenaerts 2021 2022); Ex 2 1 Solution (1); Ex 2 2 Solution
H0M80A,Numerical Simulation of Differential Equations,Oefenzittingen,Labo & Code,1,0.0,Ma - Mathematical Engineering,2023 - 2024,Three Body
H0M80A,Numerical Simulation of Differential Equations,Samenvattingen,Overig / Other,1,16.59,Ma - Mathematical Engineering,2021 - 2022,Overview (veronique Lenaerts 2021 2022)
H0M80A,Numerical Simulation of Differential Equations,Samenvattingen,Samenvattingen,2,47.07,Ma - Mathematical Engineering,"2018 - 2019, 2025 - 2026",Questions Course Notes (jasper Visterin); Summary Numsim
H0M80A,Numerical Simulation of Differential Equations,Samenvattingen,Slides / Lesmateriaal,9,89.23,Ma - Mathematical Engineering,2021 - 2022,Lecture 1 Basic Methods For Time Integration; Lecture 2 Stiffness And Geometric Integration; Lecture 3 Runge Kutta Methods
H0M82A,Methods and Algorithms for Advanced Process Control,Samenvattingen,Samenvattingen,1,0.31,Ma - Mathematical Engineering,2024 - 2025,Summary Cascd K Segers
H0M86B,Scientific Software,Examens,Examens,2,1.01,Ma - Mathematical Engineering,"2021 - 2022, 2025 - 2026",Exam Questions [nl] (veronique Lenaerts 2021 2022); Exam 2026 Sc Software
H0M86B,Scientific Software,Samenvattingen,Overig / Other,4,0.17,Ma - Mathematical Engineering,2025 - 2026,Feedback Graded Exercice Sessions; Feedback Hw1; Feedback Hw2
H0N05A,Modelling of Complex Systems,Examens,Examens,23,18.72,Ma - Computer Science,"2011 - 2012, 2012 - 2013, 2013 - 2014, 2014 - 2015, 2015 - 2016",Examenvragenmcslararoosens; Mcs Theory Exam Questions Per Chapter (danaë Van De Velde); 13 6 2022
H0N05A,Modelling of Complex Systems,Oefenzittingen,Oefenzittingen,160,238.39,Ma - Computer Science,"2017 - 2018, 2019 - 2020, 2022 - 2023",Obtainingidp; Homeworks20172018; Obtain Idp
H0N05A,Modelling of Complex Systems,Oefenzittingen,Verslagen & Projecten,9,5.79,Ma - Computer Science,"2017 - 2018, 2019 - 2020, 2022 - 2023",Project Idp 2017 2018; Assignment; Idp
H0N05A,Modelling of Complex Systems,Oefenzittingen,Labo & Code,38,0.08,Ma - Computer Science,"2017 - 2018, 2019 - 2020, 2022 - 2023",Solution Project Idp 2017 2018; Einstein; Shortestpath With Definitions
H0N05A,Modelling of Complex Systems,Samenvattingen,Overig / Other,4,15.64,Ma - Computer Science,"2020 - 2021, 2022 - 2023",Full Example Cdcl Algorithm (danaë Van De Velde); Idp Latex Def; Theory Questions Ch6 (danaë Van De Velde)
H0N05A,Modelling of Complex Systems,Samenvattingen,Samenvattingen,1,2.48,Ma - Computer Science,2017 - 2018,Mcs Course Notes
H0N05A,Modelling of Complex Systems,Samenvattingen,Slides / Lesmateriaal,11,3.97,Ma - Computer Science,2017 - 2018,Chapter 1 Introduction; Chapter 10 Ltl Summary; Chapter 10 Model Checking Algorithms For Ctl And Ltl
H0N08A,Distributed Systems,Examens,Examens,2,0.57,Ma - Computer Science,2017 - 2018,Ds Exam Questions V2; Examenvragen Distri
H0N08A,Distributed Systems,Samenvattingen,Overig / Other,5,13.3,Ma - Computer Science,"2016 - 2017, 2017 - 2018",Distributed Systems; Distributedsystemscourseinfo 2017 2018; Gae Feedback1617
H0N08A,Distributed Systems,Samenvattingen,Samenvattingen,2,5.94,Ma - Computer Science,2017 - 2018,Samenvatting 2014; Samenvatting Dops
H0N08A,Distributed Systems,Samenvattingen,Slides / Lesmateriaal,18,23.59,Ma - Computer Science,2017 - 2018,Distributedsystemsintroduction 2017 2018; Cloud Business Value; Componentmiddlewareintrojee5 Part1and2 2017 2018
H0N17A,Master's Thesis,Samenvattingen,Overig / Other,1,1.47,Ma - Mechanical Engineering,2023 - 2024,Master Thesis Template 2024 2025 (can Be Opened Directly In Overleaf)
H0N40A,Medical Equipment,Examens,Examens,1,15.91,Ma - Biomedical Engineering,2022 - 2023,Examenvragen Annelien Eyskens
H0N40A,Medical Equipment,Oefenzittingen,Oefenzittingen,2,6.64,Ma - Biomedical Engineering,"2021 - 2022, 2022 - 2023",Electric Medical Eq Oefenzittingen; Exercise Session Eme Annelien Eyskens
H0N40A,Medical Equipment,Samenvattingen,Slides / Lesmateriaal,3,2.84,Ma - Biomedical Engineering,"2021 - 2022, 2022 - 2023",Blockdiagram Devices Tiziana Dozin; How To Analyze A Datasheet And Draw A Block Diagram (nic Vermeeren); How To Make A Blockdiagram Tiziana Dozin
H0N40A,Medical Equipment,Samenvattingen,Samenvattingen,3,126.77,Ma - Biomedical Engineering,"2021 - 2022, 2022 - 2023",Samenvatting Electronic Me Annelien Eyskens; Samenvatting Electronic Medical Equipment Joris Guldentops; Samenvatting Medical Me Annelien Eyskens
H0N44A,Numerical Modelling in Biomedical Engineering,Examens,Examens,3,12.12,Ma - Biomedical Engineering,"2021 - 2022, 2022 - 2023",Examen Augustus Numerical Modelling; Examenvragen Numerical Modelling Update; Oplossingen Examen 2022
H0N44A,Numerical Modelling in Biomedical Engineering,Oefenzittingen,Oefenzittingen,4,45.73,Ma - Biomedical Engineering,2022 - 2023,Exercises Chapter 2 Dennis Jouhannet; Exercises Chapter 4 Dennis Jouhannet; Exercises Chapter 5 Dennis Jouhannet
H0N48A,Orthopaedic Implants,Samenvattingen,Samenvattingen,3,4.89,Ma - Biomedical Engineering,"2021 - 2022, 2023 - 2024",Oa Seminar Summary Tiziana Dozin; Summary Orthopaedics Implants Tiziana Dozin; Orthopedic Implants Anki Flashcards (2024 2025)
H0N48A,Orthopaedic Implants,Samenvattingen,Slides / Lesmateriaal,5,5.71,Ma - Biomedical Engineering,2025 - 2026,Lecture 1 Total Hip Replacements; Lecture 2 Articulating Surfaces; Lecture 3 Fraction Fixation Devices
H0N50A,Artificial Organs and Tissue Engineering,Samenvattingen,Overig / Other,2,13.93,Ma - Biomedical Engineering,"2017 - 2018, 2022 - 2023",Artificial Organs Te 22 23 Gladines; Formulas Tissue Engineering
H0N50A,Artificial Organs and Tissue Engineering,Samenvattingen,Samenvattingen,7,6.24,Ma - Biomedical Engineering,"2023 - 2024, 2025 - 2026",Artificial Organs Anki Flashcards (2024 2025); Introduction; Bioreactor And Bio Fabrication Processes For Skeletal Atmp Manufacturing
H0N50A,Artificial Organs and Tissue Engineering,Samenvattingen,Slides / Lesmateriaal,8,11.83,Ma - Biomedical Engineering,2025 - 2026,Lecture1 Ecc; Lecture2 Artificial Heart; Lecture3 Vads And Total Artificial Hearts
H0N52A,Project Hydraulic Engineering 1,Samenvattingen,Overig / Other,1,0.0,Ma - Civil Engineering,2021 - 2022,Readme
H0N65B,Inleiding tot gegevensbanken,Examens,Examens,10,8.45,Ba - Computerwetenschappen,2021 - 2022,Reconstructie Examen 26jan2022 Studentenoplossing; Reconstructie Examen 26jan2022; Voorbeeldvragen Meerkeuzevragen 21 22
H0N65B,Inleiding tot gegevensbanken,Oefenzittingen,Oefenzittingen,53,26.61,Ba - Computerwetenschappen,2021 - 2022,Extra Oefeningen Igb; Oefeningen Gegevensbanken (lukasvandenbroeck); Oefenzitting 3
H0N65B,Inleiding tot gegevensbanken,Samenvattingen,Samenvattingen,24,79.88,Ba - Computerwetenschappen,2021 - 2022,"2bbi Databases Chase Algo Tb; 2bbi Databases Decomposition Into Bcnf Tb; Fundamentals Of Database Systems, 6th Edition"
H0N65B,Inleiding tot gegevensbanken,Samenvattingen,Slides / Lesmateriaal,141,287.0,Ba - Computerwetenschappen,2021 - 2022,01 Igb21 Introductie; 02 Igb21 Ontwerp; 03 Igb21 Slide 19 Correctie
H0N65B,Inleiding tot gegevensbanken,TTT's,TTT's,1,0.4,Ba - Computerwetenschappen,2021 - 2022,Proefexamen 2019
H0N71B,Grondmechanica,Examens,Examens,8,98.74,"Ba - Bouwkunde, Ma - Architectuur","2017 - 2018, 2018 - 2019, 2019 - 2020, 2022 - 2023",Examenvragen Soil + Opl Met Figuren; Examenvragen Soil + Opl Met Figuren; Examenvragen Soil Bijgewerkt 2018 2019
H0N71B,Grondmechanica,Oefenzittingen,Oefenzittingen,16,173.12,"Ba - Bouwkunde, Ma - Architectuur","2017 - 2018, 2018 - 2019, 2020 - 2021, 2021 - 2022",Exercise 1; Exercise 2; Exercise 3
H0N71B,Grondmechanica,Samenvattingen,Overig / Other,9,54.35,"Ba - Bouwkunde, Ma - Architectuur","2017 - 2018, 2022 - 2023",Lexique Soilmech; Soilmech 9 Powrie 1997 Retaining Systems; Soilmech Powerpoint 1
H0N71B,Grondmechanica,Samenvattingen,Samenvattingen,2,4.84,Ma - Architectuur,2019 - 2020,Samenvatting Grondmechanica Juni 2020 (1); Samenvatting Grondmechanica Juni 2020
H0N75B,Constructie van gebouwen: prestatie-analyse,Examens,Examens,3,0.1,Ba - Architectuur,"2017 - 2018, 2019 - 2020",Cvg Examenvragen Oplossing; Examenvragen Constructie Van Gebouwen; Examenvragen
H0N75B,Constructie van gebouwen: prestatie-analyse,Oefenzittingen,Oefenzittingen,1,1.04,Ba - Architectuur,2017 - 2018,Oefeningen Constructie Van Gebouwen Fvv
H0N75B,Constructie van gebouwen: prestatie-analyse,Oefenzittingen,Labo & Code,55,4.99,Ba - Architectuur,2017 - 2018,Balkons Bovenaansluiting Raam Onderaansluiting Raam; Balkons Onderaansluiting Raam Spouwmuur; Balkons Spouwmuur Bovenaansluiting Raam
H0N75B,Constructie van gebouwen: prestatie-analyse,Samenvattingen,Overig / Other,5,13.21,Ba - Architectuur,2017 - 2018,Scan0003; Scan0004; Scan0005
H0N75B,Constructie van gebouwen: prestatie-analyse,Samenvattingen,Samenvattingen,2,3.58,Ba - Architectuur,2016 - 2017,Bouwmaterialen Samenvatting 2016 2017; Gebouwelementen Samenvatting 2016 2017
H0N76A,Project gebouwentechniek 1,Examens,Examens,3,0.29,Ma - Civil Engineering,"2012 - 2013, 2017 - 2018, 2018 - 2019",Examenvragen 14 Januari 2013; Uitwerking Examen 2018 (door Prof); Examenvragen 24 Juni 2019
H0N76A,Project gebouwentechniek 1,Oefenzittingen,Oefenzittingen,1,1.58,Ma - Civil Engineering,2018 - 2019,Oefeningenbundel
H0N76A,Project gebouwentechniek 1,Oefenzittingen,Verslagen & Projecten,15,36.37,Ma - Civil Engineering,"2017 - 2018, 2018 - 2019",Clean Room Ontwerp Van Een Hvac Installatie Arthur Rohaert Gilles Vanspeybrouck Jente Willems; Clean Room Ontwerp Van Een Hvac Installatie Berekeningen Arthur Rohaert Gilles Vanspeybrouck Jente Willems; Cleanroom Dynamica Arthur Rohaert Gillesvanspeybrouck Jentewillems
H0N76A,Project gebouwentechniek 1,Samenvattingen,Overig / Other,15,31.8,Ma - Civil Engineering,"2017 - 2018, 2018 - 2019",O&n 5 Werfopvolging Helena Goffin Arthur Rohaert Ruben Vanderperren; Eindrapport Adviesingenieur (gemeenschapscentrum); Eindrapport Adviesingenieur (maakeconomie)
H0N82A,Religions,Examens,Examens,1,0.77,Ma - Architectuur,2020 - 2021,Religie Examenvragen Vtk
H0N82A,Religions,Samenvattingen,Samenvattingen,2,0.46,Ma - Architectuur,"2019 - 2020, 2020 - 2021",Religie Samenvatting; Samenvatting Religie Juni 2020
H0N89A,Materials and Technology for Quantum Systems,Samenvattingen,Samenvattingen,1,38.66,"Ma - Nanoscience, -technology and -engineering",2022 - 2023,Quantum Materials Summary Senne Vervoort 2022
H0O00A,Global Sustainability Challenges,Samenvattingen,Samenvattingen,12,6.8,Ma - Algemeen vormende onderdelen,2023 - 2024,Summary Lesson 1; Summary Lesson 10; Summary Lesson 11
H0O79A,Dimensional Metrology,Examens,Examens,1,1.5,Ma - Mechanical Engineering,2023 - 2024,Examenvragen Dimensional Metrology
H0O82A,Precision Engineering,Samenvattingen,Samenvattingen,1,0.73,Ma - Mechanical Engineering,2025 - 2026,"Pe Course Summary (benji, 2025 2026)"
H0O82A,Precision Engineering,Samenvattingen,Overig / Other,7,42.02,Ma - Mechanical Engineering,"2017 - 2018, 2025 - 2026","Principles Quickreader (benji, 2025 2026); Optica Deel1; Optica Deel2"
H0P08A,Optimization Problems in Energy Systems,Samenvattingen,Samenvattingen,1,8.21,Ma - Energy,2021 - 2022,Opes Summary Lucas Bex
H0P65A,Adhesion Science and Engineering,Examens,Examens,1,2.31,Ma - Materials Engineering,2025 - 2026,Solutions Exam Questions Adhesion Science
H0P65A,Adhesion Science and Engineering,Samenvattingen,Slides / Lesmateriaal,1,0.92,Ma - Materials Engineering,2024 - 2025,Adhesion Mechanisms
H0P65A,Adhesion Science and Engineering,Samenvattingen,Overig / Other,1,0.59,Ma - Materials Engineering,2025 - 2026,Blackboard Overview
H0P65A,Adhesion Science and Engineering,Samenvattingen,Samenvattingen,6,11.28,Ma - Materials Engineering,"2023 - 2024, 2025 - 2026",Formularium; 2 Adhesion Mechanisms Overview; 6 Total Summary
H0P66A,Scripting Languages,Samenvattingen,Overig / Other,1,8.51,ManaMa - Artificial Intelligence,2023 - 2024,The Practice Of Computing Using Python
H0P75A,"Constructiecomponenten: gewapend beton, deel 2 en spanbeton",Examens,Examens,1,1.28,Ma - Civil Engineering,2017 - 2018,Examenvragen Spanbeton
H0P75A,"Constructiecomponenten: gewapend beton, deel 2 en spanbeton",Oefenzittingen,Oefenzittingen,13,19.66,Ma - Civil Engineering,"2017 - 2018, 2019 - 2020, 2023 - 2024",Prestressed Concrete Oefenzitting 1; Prestressed Concrete Oefenzitting 2; Prestressed Concrete Oefenzitting 3
H0P75A,"Constructiecomponenten: gewapend beton, deel 2 en spanbeton",Oefenzittingen,Verslagen & Projecten,7,19.44,Ma - Civil Engineering,2017 - 2018,Spanbeton Ccl; Verslag Spanbeton Ccl (met Correcties); Bbrv
H0P75A,"Constructiecomponenten: gewapend beton, deel 2 en spanbeton",Samenvattingen,Overig / Other,2,2.44,Ma - Civil Engineering,2017 - 2018,"Compendium Van Het Voorgespannen Beton Van J Van Zutphen (amsterdam 1970, 2e Herziene, Druk Enci Cemij Robur N V ); Design Of Prestressed Concrete Structures Van T Y Lin En Ned H Burns (derde Editie, John Wiley & Sons)"
H0P75A,"Constructiecomponenten: gewapend beton, deel 2 en spanbeton",Samenvattingen,Samenvattingen,20,44.11,Ma - Civil Engineering,"2022 - 2023, 2025 - 2026",Concrete 2 Pv; Prestressed Concrete Pv; Beton Deel 2 Hoofdstuk 1 (6) Samenvatting
H0P79A,Funderingstechniek,Examens,Examens,6,17.35,Ma - Civil Engineering,"2017 - 2018, 2021 - 2022","Examenvragen Funderingstechniek; Examenvragen Funderingstechnieken Oscar Neyrinck; Examenvraag Deel 2, Vraag 2 (updated)"
H0P79A,Funderingstechniek,Oefenzittingen,Oefenzittingen,51,71.6,Ma - Civil Engineering,"2017 - 2018, 2023 - 2024, 2025 - 2026",Solutions Example Questions; Funderingstechniek Oefeningen Deel 2; Oefeniingen Palen
H0P79A,Funderingstechniek,Samenvattingen,Samenvattingen,22,28.19,Ma - Civil Engineering,"2021 - 2022, 2023 - 2024",Funderingstechnieken Samenvatting Oscar Neyrinck; Summary Part 1 Chapter 1; Summary Part 1 Chapter 2
H0P79A,Funderingstechniek,Samenvattingen,Overig / Other,4,11.9,Ma - Civil Engineering,"2017 - 2018, 2018 - 2019, 2021 - 2022",Grondsoorten En Eigenschappen; Richtlijn Bemalingen; Richtlijnen Eurocode 7 Deel1
H0P81A,Grondstofefficiëntie en levenscyclusanalyse,Samenvattingen,Samenvattingen,8,5.08,Ma - Civil Engineering,2023 - 2024,Summary Chapter 1 (re); Summary Chapter 2 (re); Summary Chapter 3 (re)
H0P82A,Project- en werfbeheer,Examens,Examens,1,0.87,Ma - Civil Engineering,2023 - 2024,Exam Questions
H0P82A,Project- en werfbeheer,Oefenzittingen,Verslagen & Projecten,11,4.11,Ma - Civil Engineering,2023 - 2024,Summary Chapter 1; Summary Chapter 10; Summary Chapter 12
H0P86A,Bouwakoestiek,Examens,Examens,1,0.52,Ma - Architectuur,2020 - 2021,Bouwakoestiek Examen2015
H0P86A,Bouwakoestiek,Oefenzittingen,Oefenzittingen,120,268.71,"Ba - Architectuur, Ma - Architectuur, Ma - Civil Engineering","2016 - 2017, 2020 - 2021, 2021 - 2022, 2023 - 2024",Bouwakoestiek Oefeningen Xandecoutere; Oefeningen; Oplossingen Bouwakoestiek Amélie Niesten
H0P86A,Bouwakoestiek,Samenvattingen,Samenvattingen,48,179.79,"Ba - Architectuur, Ma - Architectuur, Ma - Civil Engineering","2020 - 2021, 2022 - 2023, 2025 - 2026",Afleidingenba Xandecoutere; Bouwakoestiek Overzichttheorie Xandecoutere; Bouwakoestiek Les 13 Okt
H0P86A,Bouwakoestiek,Samenvattingen,Slides / Lesmateriaal,11,121.68,Ba - Architectuur,2020 - 2021,Ba 01 Intro 2020 A4; Ba 02 Physics 2020 A4; Ba 03 Perception 2020 A4
H0P89A,"Constructiecomponenten: staal, deel 2",Examens,Examens,1,0.19,Ma - Civil Engineering,2024 - 2025,Algemene Vragen En Feedback Staal+ Examen 2025
H0P89A,"Constructiecomponenten: staal, deel 2",Samenvattingen,Samenvattingen,10,9.38,Ma - Civil Engineering,2023 - 2024,Summary Chapter 1; Summary Chapter 10; Summary Chapter 2
H0P90A,Duurzaamheid van betonstructuren,Samenvattingen,Slides / Lesmateriaal,3,8.59,Ba - Bouwkunde,2017 - 2018,Infoen206 Presentatie1 Les4; Infoen206 Presentatie2 Les 4; Infoen206 Presentatie3 Les4
H0P90A,Duurzaamheid van betonstructuren,Samenvattingen,Samenvattingen,7,6.14,Ma - Civil Engineering,2023 - 2024,Summary Chapter 1; Summary Chapter 2; Summary Chapter 3
H0P92A,Niet-lineaire structuuranalyse,Samenvattingen,Samenvattingen,7,3.9,Ma - Civil Engineering,2023 - 2024,Summary Chapter 1; Summary Chapter 2; Summary Chapter 3
H0P97A,Hydrodynamica,Samenvattingen,Overig / Other,1,66.77,Ma - Civil Engineering,2018 - 2019,8 Coastal Hydrodynamics & Hydrosedimentology Vs 2019 2020
H0P98A,Stedelijke hydrologie en rivierkunde,Samenvattingen,Samenvattingen,1,4.93,Ma - Civil Engineering,2021 - 2022,Urban And River Hydrology And Hydraulics Summary [bavo Schoofs]
H0P99A,Sediment Mechanics & Morphodynamics,Samenvattingen,Slides / Lesmateriaal,1,1.69,Ma - Civil Engineering,2021 - 2022,Table Of Contents Slides Sediment Mechanics 2122
H0Q31A,Security Through the Software Lifecycle,Examens,Examens,1,0.16,Ma - Computer Science,2025 - 2026,Exampleexam20252026
H0R01A,Statistiek en data science,Examens,Examens,57,17.07,Ba - Algemene gemeenschappelijke basis,2025 - 2026,Examen 2010 01 21 Oplossing; Examen 2010 01 21; Examen 2010 08 30 Oplossing
H0R01A,Statistiek en data science,Oefenzittingen,Oefenzittingen,29,129.51,Ba - Algemene gemeenschappelijke basis,"2010 - 2011, 2012 - 2013, 2015 - 2016, 2017 - 2018, 2025 - 2026",Kansmodellen; Kansstat Alleoz Karolienpoppeliers; Oefeningen Statistiek (lukasvandenbroeck)
H0R01A,Statistiek en data science,Samenvattingen,Overig / Other,3,0.08,Ba - Algemene gemeenschappelijke basis,2025 - 2026,Read Me; Errata; Kansmodellen
H0R01A,Statistiek en data science,Samenvattingen,Samenvattingen,26,92.73,Ba - Algemene gemeenschappelijke basis,"2017 - 2018, 2020 - 2021, 2025 - 2026","Data Science Enya Lindekens (2025 2026); Data Science Samenvatting (raphael Six, 2025 2026); Datacamp Samenvatting Runehermans2526"
H0R01A,Statistiek en data science,TTT's,TTT's,1,0.18,Ba - Algemene gemeenschappelijke basis,2025 - 2026,Session 6 (1)
H0R05A,Discrete wiskunde en algoritmen,Samenvattingen,Overig / Other,1,3.23,Ba - Algemene gemeenschappelijke basis,2025 - 2026,"Uitgeschreven Bewijzen Stellingen Algoritmes Eg (2025 2026, Remus Lupin)"
H0R05A,Discrete wiskunde en algoritmen,Samenvattingen,Samenvattingen,6,65.1,Ba - Algemene gemeenschappelijke basis,2025 - 2026,"Diwi Samenvatting (jaanc, 2025 2026); Discrete Wiskunde Deel 1 P1 10; Discrete Wiskunde Deel 2 P11 18"
H0R12A,Transport Phenomena,Examens,Examens,49,54.22,"Ba - Algemene gemeenschappelijke basis, Ba - Biomedische technologie, Ba - Chemische technologie, Ba - Materiaalkunde, Ma - Chemical Engineering","2005 - 2006, 2008 - 2009, 2010 - 2011, 2011 - 2012, 2013 - 2014",Examenvragen Theorie; Examenvragen Transportverschijnselen (2009); Examenvragen Transportverschijnselen (2020)
H0R12A,Transport Phenomena,Oefenzittingen,Oefenzittingen,99,668.52,"Ba - Biomedische technologie, Ba - Chemische technologie, Ba - Materiaalkunde, Ma - Chemical Engineering","2011 - 2012, 2012 - 2013, 2013 - 2014, 2014 - 2015, 2021 - 2022",Navier Stokes Vergelijkingen (cylindrisch En Sferisch); Oefenzitting 3 Bijlagen; Oefenzitting 4 Bijlagen
H0R12A,Transport Phenomena,Samenvattingen,Samenvattingen,27,326.65,"Ba - Algemene gemeenschappelijke basis, Ba - Biomedische technologie, Ba - Chemische technologie, Ba - Materiaalkunde, Ma - Chemical Engineering","2011 - 2012, 2012 - 2013, 2018 - 2019, 2020 - 2021, 2021 - 2022",Handboek Transport Phenomena; Samenvatting Transportverschijnselen (kato Kenis); Handboek Transport Phenomena
H0R12A,Transport Phenomena,Samenvattingen,Overig / Other,4,14.3,"Ba - Algemene gemeenschappelijke basis, Ba - Chemische technologie, Ma - Chemical Engineering","2019 - 2020, 2021 - 2022, 2025 - 2026","Overzicht Transportverschijnselen (laurens Jansen); Classificatie Van Stromen (raphael Six, 2025 2026); Read Me"
H0R12A,Transport Phenomena,Samenvattingen,Slides / Lesmateriaal,12,1.64,Ba - Materiaalkunde,2012 - 2013,01 Basisbegrippen; 02 Basisbegrippenvanimpulsoverdracht; 03 Toepassingenvanlaminaireisothermeproblemen
H0R18A,Industrial Management and Entrepreneurship,Oefenzittingen,Oefenzittingen,1,14.22,Ba - Algemene gemeenschappelijke basis,2025 - 2026,Bedrijfskunde Oz & Oefeningenhb 24 25 (hanna Leysen) 1
H0R18A,Industrial Management and Entrepreneurship,Samenvattingen,Overig / Other,2,0.79,Ba - Algemene gemeenschappelijke basis,"2024 - 2025, 2025 - 2026",Bedrijfskunde Voor Burgies (2024 2025) Mateo Loral; Read Me
H0R18A,Industrial Management and Entrepreneurship,Samenvattingen,Samenvattingen,5,35.14,Ba - Algemene gemeenschappelijke basis,"2024 - 2025, 2025 - 2026",Bedrijfskunde Samenvatting '24 '25 (1ste Bach); Bedrijfskunde Samenvatting 24 25 (hanna Leysen); Plc (schema)
H0R25A,Celbiologie,Examens,Examens,4,0.65,Ba - Biomedische technologie,"2019 - 2020, 2023 - 2024",Examen Celbio 2020 Opgaven; Examen Celbio 2020 Oplossingen (jules Vangeel); Examen Celbio 2020 Correctie Tb
H0R25A,Celbiologie,Samenvattingen,Samenvattingen,3,37.88,Ba - Biomedische technologie,"2020 - 2021, 2025 - 2026","Celbio Samenvatting (2025 2026, Jaanc); Samenvatting Essential Cell Biology (dennis Jouhannet); Studentencursus Celbiologie (willem De Brandt)"
H0R25A,Celbiologie,Samenvattingen,Overig / Other,1,62.77,Ba - Biomedische technologie,2022 - 2023,Essential Cell Biology (third Edition)
H0R30A,Theorie en management van verkeersstromen,Samenvattingen,Overig / Other,4,0.22,Ma - Architectuur,2020 - 2021,Les Karen Landuyt; Les T Op Limburg; Les 1 Intro En
H0R30A,Theorie en management van verkeersstromen,Samenvattingen,Samenvattingen,1,0.35,Ma - Architectuur,2020 - 2021,Management Notities
H0R32A,Analytische scheikunde,Examens,Examens,2,2.42,Ba - Chemische technologie,2020 - 2021,Examens Milieu En Analytische (wouter Janssens); Examenvragen Milieu & Analytische Opgaven
H0R32A,Analytische scheikunde,Oefenzittingen,Oefenzittingen,2,0.97,Ba - Chemische technologie,"2019 - 2020, 2020 - 2021",Oefenzittingen Analytische Scheikunde (wouter Janssens); Les5 Titrations(introduction) Uitwerking Oefeningen
H0R32A,Analytische scheikunde,Samenvattingen,Slides / Lesmateriaal,1,1.33,Ba - Chemische technologie,2011 - 2012,2010wat Is Analytische Scheikunde[1]cb
H0R32A,Analytische scheikunde,Samenvattingen,Overig / Other,1,8.41,Ba - Chemische technologie,2013 - 2014,Analytische Scheikunde
H0R32A,Analytische scheikunde,Samenvattingen,Samenvattingen,5,27.56,Ba - Chemische technologie,2019 - 2020,Les5 Titrations(introduction) Notities Bord; Les6 Precipitationtitrations Bord Notities; Les7 Neutralisationtitrations 20192020 Bord Notities
H0R57A,Systems Theory and Control Theory,Examens,Examens,36,25.38,"Ba - Algemene gemeenschappelijke basis, Ba - Elektrotechniek","2011 - 2012, 2012 - 2013, 2014 - 2015, 2016 - 2017, 2017 - 2018",Reconstructie Examen 4 Juni 2026; Augustus 2022 Oplossing; Augustus 2022
H0R57A,Systems Theory and Control Theory,Oefenzittingen,Oefenzittingen,17,38.48,Ba - Elektrotechniek,"2014 - 2015, 2022 - 2023, 2023 - 2024",Oefenzitting 1 Mh; Oz1 Opgave; Oz1 Oplossing
H0R57A,Systems Theory and Control Theory,Samenvattingen,Overig / Other,22,118.4,"Ba - Algemene gemeenschappelijke basis, Ma - Biomedical Engineering","2017 - 2018, 2025 - 2026",Introduction To System Dynamics; Ref C2 Franklin; Ref C2 Franklin Pdf
H0R57A,Systems Theory and Control Theory,Samenvattingen,Slides / Lesmateriaal,5,18.24,Ma - Biomedical Engineering,2017 - 2018,Slides St2015; St1 Slides; St2 Slides
H0R57A,Systems Theory and Control Theory,Samenvattingen,Samenvattingen,14,97.7,"Ba - Algemene gemeenschappelijke basis, Ba - Elektrotechniek","2014 - 2015, 2016 - 2017, 2017 - 2018, 2018 - 2019, 2021 - 2022","Samenvatting Systeemtheorie (eg, 2025 2026); Samenvatting Systeemtheorie (jaanc, 2025 2026); Samenvatting Systeemtheorie (raphael Six, 2025 2026)"
H0R71A,Design Methodologies,Oefenzittingen,Verslagen & Projecten,3,5.52,Schakel - Werktuigkunde,2018 - 2019,3 Triz Verslag Final; 3 Triz Verslag; Project Ontwerpmethodologieën (1) (1)
H0R71A,Design Methodologies,Samenvattingen,Overig / Other,18,103.59,Schakel - Werktuigkunde,2018 - 2019,Deel1; Deel2; Deel3
H0R71A,Design Methodologies,Samenvattingen,Samenvattingen,1,0.34,Schakel - Werktuigkunde,2018 - 2019,Samenvatting
H0R71A,Design Methodologies,Samenvattingen,Slides / Lesmateriaal,40,134.28,"Ma - Mechanical Engineering, Schakel - Werktuigkunde","2018 - 2019, 2021 - 2022",Brabantia Vuilbak Matthys Ganne Vandyck Claes; Corporate Kuleuven (2); Corporate Kuleuven (zonder Piramide)
H0R74A,Aircraft Materials,Oefenzittingen,Oefenzittingen,35,41.83,Ma - Mechanical Engineering,"2012 - 2013, 2017 - 2018",Skateboard Practicum Manual 2013; Img404; Img405
H0R74A,Aircraft Materials,Samenvattingen,Samenvattingen,4,50.7,Ma - Mechanical Engineering,"2017 - 2018, 2023 - 2024",Esacomp 4 1 Release Notes; Esacomp Quick Start Guide; Samenvatting Polymeer Uit Het Vak Polymeercomposieten
H0R74A,Aircraft Materials,Samenvattingen,Overig / Other,3,70.37,Ma - Mechanical Engineering,"2012 - 2013, 2017 - 2018",Esacomp Installation Guidelines 2013; Esacomp4 1 086 Setup; Numerieke Modellering In De Mechanica (curcus Nederlands)
H0R78A,Helicopters,Examens,Examens,2,0.01,Ma - Mechanical Engineering,2025 - 2026,"2026 Examen Uitgeschreven Chinook; Read Me 2026 Examenvragen (kwinten Lowie, 2025 2026)"
H0R78A,Helicopters,Samenvattingen,Overig / Other,1,0.01,Ma - Mechanical Engineering,2025 - 2026,2026 Uitgeschreven Single Main Rotor
H0R80A,Complex Analysis and Applications,Examens,Examens,4,25.99,Ma - Mathematical Engineering,"2022 - 2023, 2023 - 2024, 2024 - 2025",Exam 09 01 2025 Complex Analysis And Applications; Examen Aug2022 Liene Drijkoningen; Examen Jan2022 Liene Drijkoningen
H0R80A,Complex Analysis and Applications,Oefenzittingen,Oefenzittingen,3,8.03,Ma - Mathematical Engineering,"2019 - 2020, 2021 - 2022, 2023 - 2024",Complexe Functieleer En Toepassingen Oefenzittingen Oplossing; Exercises (veronique Lenaerts 2021 2022); Oefenzitting 5
H0R80A,Complex Analysis and Applications,Samenvattingen,Overig / Other,2,54.97,Ma - Mathematical Engineering,"2018 - 2019, 2021 - 2022",Lessenreeks Complexe Functieleer (veronique Lenaerts 2021 2022); Notitites Complexe Analyse
H0R80A,Complex Analysis and Applications,Samenvattingen,Samenvattingen,1,2.18,Ma - Mathematical Engineering,2024 - 2025,Notes Complexe Functieleer Jasper Visterin
H0S49A,Materials Modelling and Simulation Techniques,Examens,Examens,1,5.3,Ma - Materials Engineering,2025 - 2026,Nanoscale Exam Questions
H0S49A,Materials Modelling and Simulation Techniques,Oefenzittingen,Verslagen & Projecten,9,8.68,Ma - Materials Engineering,"2022 - 2023, 2025 - 2026",2023 Adzima Macroscale; Chat Gpt Main Idea Paper; Course Paper Mapping
H0S49A,Materials Modelling and Simulation Techniques,Samenvattingen,Samenvattingen,4,9.48,Ma - Materials Engineering,"2022 - 2023, 2025 - 2026","Samenvatting Macroscale (2025 2026, Marthe Sevenants); Samenvatting Mesoscale (2025 2026, Marthe Sevenants); Samenvatting Nanoscale (2025 2026, Marthe Sevenants)"
H0S49A,Materials Modelling and Simulation Techniques,Samenvattingen,Overig / Other,6,4.47,Ma - Materials Engineering,"2022 - 2023, 2025 - 2026",Nano Questions Seveno; Session 1 + 2; Session3
H0S51A,Surface Science and Engineering,Examens,Examens,5,46.03,Ma - Materials Engineering,"2020 - 2021, 2022 - 2023",Exam Questions Surface Treatments Marion Cardous; Exam Questions 2021 And 2022; Exam Questions Surface Protection Marion Cardous
H0S51A,Surface Science and Engineering,Oefenzittingen,Oefenzittingen,1,0.13,Ma - Materials Engineering,2025 - 2026,True False Vragen Answered
H0S51A,Surface Science and Engineering,Samenvattingen,Overig / Other,1,0.22,Ma - Materials Engineering,2024 - 2025,Mindmap Surface Technology
H0S51A,Surface Science and Engineering,Samenvattingen,Samenvattingen,5,1.99,Ma - Materials Engineering,2025 - 2026,Curtain Coating Session 6; Droplets Get Absorbed By Each Other; Schematics Week 1
H0S53B,Quality Control and Advanced Non-Destructive Testing,Samenvattingen,Samenvattingen,3,5.13,Ma - Materials Engineering,2024 - 2025,Summary Ev; Summary Gk; Summary Kc
H0S53B,Quality Control and Advanced Non-Destructive Testing,Samenvattingen,Overig / Other,1,2.92,Ma - Materials Engineering,2024 - 2025,Table Of Contents
H0S55A,Metals: Shaping and Joining,Oefenzittingen,Oefenzittingen,1,6.78,Ma - Materials Engineering,2022 - 2023,Solution Manual
H0S57A,Composites Manufacturing,Samenvattingen,Overig / Other,1,0.69,Ma - Materials Engineering,2022 - 2023,Process Selection Criteria Filled
H0S57A,Composites Manufacturing,Samenvattingen,Samenvattingen,1,1.18,Ma - Materials Engineering,2023 - 2024,Structure Composites Manufacturing Sara Marie Delcourte
H0T49A,Mechatronic Drive Systems,Examens,Examens,2,1.08,Ma - Mechanical Engineering,"2018 - 2019, 2025 - 2026","Drive Systems Exam (2018 2019); Drive Systems Exam Reconstruction (2025 2026, Daniel Van Gerven)"
H0T52A,"Aircraft MRO, Maintenance, Repair & Overhaul",Samenvattingen,Slides / Lesmateriaal,1,0.04,Ma - Mechanical Engineering,2017 - 2018,Gtf Leap Comparison
H0T52A,"Aircraft MRO, Maintenance, Repair & Overhaul",Samenvattingen,Overig / Other,10,27.2,Ma - Mechanical Engineering,2017 - 2018,Hfdst 1 Regulations; Hfdst 2 Maintenance Programme Intext; Hfdst 2 Maintenance Programme Markups
H0T54A,Automotive Structures and Vehicle Dynamics,Examens,Examens,6,10.22,Ma - Mechanical Engineering,"2018 - 2019, 2023 - 2024, 2025 - 2026",20190201 Examplesolution; Exam20170203; Exam20180201
H0T54A,Automotive Structures and Vehicle Dynamics,Samenvattingen,Samenvattingen,3,50.78,Ma - Mechanical Engineering,"2017 - 2018, 2023 - 2024, 2025 - 2026",Tekst Bij Passieve Veiligheid (duits); Samenvatting Vehicledynamics (lukasvandenbroeck); Vehicle Dynamics Notes (nandoquishpe)
H0T54A,Automotive Structures and Vehicle Dynamics,Samenvattingen,Overig / Other,2,11.73,Ma - Mechanical Engineering,2017 - 2018,The Multibody Systems Approach To Vehicle Dynamics(bbs); Overzicht Tranmissiecomponenten
H0T54A,Automotive Structures and Vehicle Dynamics,Samenvattingen,Slides / Lesmateriaal,15,54.84,Ma - Mechanical Engineering,2018 - 2019,Lecture 1 Intro + Vehicle Overview; Lecture 10 Transient; Lecture 11 Control And Sensors
H0T56A,"Noise Abatement in Machines, Vehicles and Aircraft",Examens,Examens,4,3.93,Ma - Mechanical Engineering,"2017 - 2018, 2025 - 2026",Exam Questions Student Solution (from Wiki); Lawaaibeheersing Examenvragen; Noise Abatement Exam Question Guide
H0T59A,Host Response to Implanted Materials,Examens,Examens,2,0.18,"Ma - Biomedical Engineering, Ma - Materials Engineering","2021 - 2022, 2025 - 2026",Exam Q's Host Response Annelies Verreth; Exam Q's Host Response Annelies Verreth
H0T59A,Host Response to Implanted Materials,Samenvattingen,Samenvattingen,4,8.15,"Ma - Biomedical Engineering, Ma - Materials Engineering","2019 - 2020, 2021 - 2022, 2024 - 2025, 2025 - 2026",Host Response Summary Annelies Verreth; Host Response To Implanted Materials Anki Flashcards (2025 2026); Samenvatting Host Response Sarah Muys
H0T59A,Host Response to Implanted Materials,Samenvattingen,Overig / Other,3,2.77,"Ma - Biomedical Engineering, Ma - Materials Engineering","2023 - 2024, 2025 - 2026",Hrim Visual Overview Kathy Rebeck; Alternative Complement Activation Pathway; List Of Questions Hr
H0T59A,Host Response to Implanted Materials,Samenvattingen,Slides / Lesmateriaal,10,30.13,Ma - Biomedical Engineering,2025 - 2026,Host Response Lecture 1; Host Response Lecture 10; Host Response Lecture 2
H0T88A,Structural Optimization,Oefenzittingen,Oefenzittingen,2,4.9,Ma - Civil Engineering,2018 - 2019,"Structural Optimization Examination Assignment 5 (charlotte Van Renterghem, Anton Willekens, Arthur Rohaert); Structural Optimization Examination Assignment 5 Code (charlotte Van Renterghem, Anton Willekens, Arthur Rohaert)"
H0T88A,Structural Optimization,Samenvattingen,Overig / Other,1,2.6,Ma - Civil Engineering,2008 - 2009,"Christensen P W , Klarbring A An Introduction To Structural Optimization (springer, 2009)(isbn 9781402086663)(o)(214s) Em"
H0T92A,Transport Infrastructure Planning and Appraisal,Examens,Examens,1,1.52,Ma - Mobility and Supply Chain Engineering,2021 - 2022,Sample Exam Questions
H0T92A,Transport Infrastructure Planning and Appraisal,Oefenzittingen,Oefenzittingen,1,1.7,Ma - Mobility and Supply Chain Engineering,2022 - 2023,Sample Questions Solutions 2022 2023 Helena Schuch
H0T92A,Transport Infrastructure Planning and Appraisal,Samenvattingen,Samenvattingen,2,26.85,Ma - Mobility and Supply Chain Engineering,"2019 - 2020, 2021 - 2022",Summary 2020 Stijn Tonnelier; Tipa Samenvatting Oscar Neyrinck
H0T92A,Transport Infrastructure Planning and Appraisal,Samenvattingen,Slides / Lesmateriaal,9,56.27,Ma - Mobility and Supply Chain Engineering,2021 - 2022,0 Introduction; 1 System Drivers 1; 1 System Drivers 2
H0T93A,"Public Transportation, Design and Management",Examens,Examens,7,9.85,Ma - Mobility and Supply Chain Engineering,2021 - 2022,Assignment; Exam Presentation; Example Paper 1
H0T94A,Traffic and Transport Safety,Oefenzittingen,Verslagen & Projecten,1,0.96,Ma - Mobility and Supply Chain Engineering,2022 - 2023,Assignment Paper
H0T94A,Traffic and Transport Safety,Samenvattingen,Slides / Lesmateriaal,8,42.73,Ma - Mobility and Supply Chain Engineering,2022 - 2023,Lecture 1 Introduction; Lecture 2 Basic Concepts; Lecture 3 Risk Factors
H0T95A,Transport Models,Examens,Examens,2,4.91,Ma - Mobility and Supply Chain Engineering,"2020 - 2021, 2021 - 2022",Exam 2021 June; Example Exam Questions
H0T97A,Integrated Practicum 1: Organisation of Logistics and Transportation,Oefenzittingen,Oefenzittingen,1,0.31,Ma - Mobility and Supply Chain Engineering,2021 - 2022,Assignment Timetabling
H0V01A,Selected Topics in Engineering: Athens I,Examens,Examens,18,26.33,Ma - Computer Science,"2017 - 2018, 2018 - 2019, 2019 - 2020, 2020 - 2021, 2023 - 2024",Fcs Examenvragen; Ffcs Oral Exams With Solutions Gv; Ova Opgeloste Examenvragen (maxim Bijnens)
H0V01A,Selected Topics in Engineering: Athens I,Oefenzittingen,Oefenzittingen,77,15.91,Ma - Computer Science,"2017 - 2018, 2018 - 2019, 2019 - 2020, 2020 - 2021, 2021 - 2022",Solutions Handboek; Assignment 2017 10 19; 2019 Test 2
H0V01A,Selected Topics in Engineering: Athens I,Oefenzittingen,Labo & Code,222,0.57,Ma - Computer Science,"2017 - 2018, 2019 - 2020, 2021 - 2022",Myhaskell; Myhaskellsolution; Myhaskelltest
H0V01A,Selected Topics in Engineering: Athens I,Samenvattingen,Overig / Other,82,36.83,Ma - Computer Science,"2017 - 2018, 2019 - 2020, 2021 - 2022, 2025 - 2026",Quizes; Ffcs Bewijzen Overzicht Gv; Ffcs Definities Overzicht Gv
H0V01A,Selected Topics in Engineering: Athens I,Samenvattingen,Samenvattingen,4,24.38,Ma - Computer Science,"2017 - 2018, 2019 - 2020, 2021 - 2022",Dss Summary Md; Osc Study Guide; Samenvatting Bs
H0V01A,Selected Topics in Engineering: Athens I,Samenvattingen,Slides / Lesmateriaal,47,94.76,Ma - Computer Science,"2017 - 2018, 2019 - 2020",Book Haskell; Dl Prolog1; Dl Prolog2
H0V01A,Selected Topics in Engineering: Athens I,TTT's,TTT's,4,0.67,Ma - Computer Science,"2022 - 2023, 2023 - 2024",Ttt Fundamentals Of Cs 23 May 2024; Ttt Fundamentals Of Cs 25 May 2023; Ttt Fundamentals Of Cs 28 March 2024
H0V09A,Geologie,Examens,Examens,6,7.86,Ba - Architectuur en omgeving,"2011 - 2012, 2017 - 2018, 2019 - 2020, 2020 - 2021, 2022 - 2023",Ecologie Examen 2021; Examenvragen Ecologie Lily Vreven; Examenvragen En Oplossingen Boku 2012
H0V09A,Geologie,Oefenzittingen,Oefenzittingen,1,3.15,Ba - Architectuur en omgeving,2011 - 2012,Practicum 2 Boku 2012
H0V09A,Geologie,Oefenzittingen,Verslagen & Projecten,3,8.09,Ba - Architectuur en omgeving,"2017 - 2018, 2018 - 2019, 2022 - 2023",Geologische Ondergrond Bierbeek Verslag Arthur Rohaert; Verslag Geologische Ondergrond Lily Vreven; Verslag Oscar Neyrinck
H0V09A,Geologie,Samenvattingen,Overig / Other,4,52.17,Ba - Architectuur en omgeving,"2017 - 2018, 2018 - 2019, 2022 - 2023",Definities Ecologie Lily Vreven; Hfdfst 2 Mineralogie [compatibility Mode]; Alle Stenen Met Foto's
H0V09A,Geologie,Samenvattingen,Samenvattingen,27,25.8,Ba - Architectuur en omgeving,"2017 - 2018, 2020 - 2021, 2021 - 2022, 2022 - 2023",Hoofdstuk 1 Samenvatting; Hoofdstuk 10 Samenvatting; Hoofdstuk 11 Samenvatting
H0V14A,Fundamentals of Human-Machine Interaction,Oefenzittingen,Verslagen & Projecten,1,0.07,Ma - Computer Science,2017 - 2018,Fundamentals Of Hci Project Deadlines
H0V14A,Fundamentals of Human-Machine Interaction,Samenvattingen,Slides / Lesmateriaal,9,325.88,Ma - Computer Science,2017 - 2018,Fund Mmi 1718 Les2; Fund Mmi 1718 Les6; Fund Mmi Les1 Introduction
H0V16A,Fundamentals of Computer Graphics,Oefenzittingen,Oefenzittingen,3,4.51,Ma - Computer Science,"2017 - 2018, 2019 - 2020, 2020 - 2021",Allevragen(dec2017); Allevragen(december2018); Allevragen(januari2021)
H0V16A,Fundamentals of Computer Graphics,Samenvattingen,Overig / Other,3,0.4,Ma - Computer Science,2020 - 2021,Feedback Januari2021; Januari2021a; Januari2021b
H0V16A,Fundamentals of Computer Graphics,Samenvattingen,Samenvattingen,2,107.0,Ma - Computer Science,2017 - 2018,Cursustekst Fundamenten Van Computergrafiek (wip); Ray Tracing From The Ground Up
H0V16A,Fundamentals of Computer Graphics,Samenvattingen,Slides / Lesmateriaal,19,37.18,Ma - Computer Science,2017 - 2018,Handout1; Handout2(camera); Handout4
H9X30A,Electrical Drives,Examens,Examens,4,0.62,Ma - Energy,"2010 - 2011, 2013 - 2014, 2019 - 2020",Voorbeeldexamenvragen Aandrijvingen; Vorige Examenvragen; Examen 1
H9X30A,Electrical Drives,Oefenzittingen,Verslagen & Projecten,4,7.07,Ma - Energy,2019 - 2020,Lab Report Ac Drives; Lab Report Dc Drives Clan; Report Electrical Drives Efficiency Clan
H9X30A,Electrical Drives,Oefenzittingen,Labo & Code,4,0.01,Ma - Energy,2019 - 2020,Parameters Dc Motor Thrige Titan Electric 590w; Parameters Siemens 1500w; Parameters Weg 750w
H9X30A,Electrical Drives,Oefenzittingen,Oefenzittingen,9,1.33,Ma - Energy,"2010 - 2011, 2019 - 2020",Oef Sm; Oplossingen; Oplossingen
H9X30A,Electrical Drives,Samenvattingen,Samenvattingen,4,16.02,Ma - Energy,"1999 - 2000, 2011 - 2012, 2015 - 2016",Electrical Machines Course (adv); Electrical Drives Md; Synchr Machine Master Studentencursus
H9X30A,Electrical Drives,Samenvattingen,Overig / Other,20,27.48,Ma - Energy,"2003 - 2004, 2011 - 2012, 2019 - 2020",Chapter7 Electric Motors; Energie Efficiëntie Van Elektrische Machines Deel 1 Motor 1; Energie Efficiëntie Van Elektrische Machines Deel 2 Systeem 1
H9X30A,Electrical Drives,Samenvattingen,Slides / Lesmateriaal,6,15.5,Ma - Energy,"2011 - 2012, 2019 - 2020",Synchrone Machines Bouw; Synchrone Machines Dynamic; Synchrone Machines Up
H9X34A,Numerical Methods in Energy Sciences,Examens,Examens,6,132.83,Ma - Energy,"2014 - 2015, 2015 - 2016, 2016 - 2017, 2018 - 2019",20170117225506148; Exam 31 01 2019; Samplequestions
H9X34A,Numerical Methods in Energy Sciences,Oefenzittingen,Oefenzittingen,20,86.32,Ma - Energy,"2010 - 2011, 2013 - 2014, 2014 - 2015, 2016 - 2017, 2017 - 2018",Roadmap Exercises Page 1; Roadmap Exercises Page 2; Roadmap Exercises Page 3
H9X34A,Numerical Methods in Energy Sciences,Oefenzittingen,Labo & Code,37,0.06,Ma - Energy,"2017 - 2018, 2018 - 2019",Transfo Solve Coupled F; Transfo Solve Coupled Sol(1); Sem1 10 F
H9X34A,Numerical Methods in Energy Sciences,Samenvattingen,Samenvattingen,2,2.98,Ma - Energy,"2016 - 2017, 2017 - 2018",Cursus Fd&fv; Summaryseminars
H9X34A,Numerical Methods in Energy Sciences,Samenvattingen,Overig / Other,76,24.89,Ma - Energy,"2016 - 2017, 2017 - 2018, 2018 - 2019",Seminars; Blockmeshdict; Convective Bc
H9X34A,Numerical Methods in Energy Sciences,Samenvattingen,Slides / Lesmateriaal,6,12.58,Ma - Energy,2018 - 2019,Sem5 Slides Solution; Sem5 Slides; Mene Sem1 Slides Solution
H9X53A,Energy Challenges,Examens,Examens,1,1.43,Ma - Energy,2022 - 2023,Energy Challenges Solved Exam Questions (2022 2023) Arnaud Verstraeten
H9X53A,Energy Challenges,Oefenzittingen,Oefenzittingen,2,0.68,"Ma - Chemical Engineering, Ma - Energy",2022 - 2023,Exercises Energy Challenges (wouter Janssens); Energy Challenges Exercises(2023) Wouter Janssens
H9XA1A,Constructiematerialen,Examens,Examens,4,1.13,"Ba - Architectuur, Ba - Bouwkunde","2008 - 2009, 2017 - 2018, 2018 - 2019",Opgeloste Examenvragen Constructiematerialen; Opgeloste Examenvragen 2009 + 2010; Veel Opgeloste Vragen
H9XA1A,Constructiematerialen,Oefenzittingen,Oefenzittingen,3,13.56,Ba - Architectuur,"2011 - 2012, 2018 - 2019",(opgeloste) Vragen Tot Juni 2012 Constructiematieralen; Opgeloste Vragen Tot Juni 2012 Constructiematieralen; Vragen Constructiematerialen Nele
H9XA1A,Constructiematerialen,Samenvattingen,Samenvattingen,8,3.83,"Ba - Architectuur, Ba - Bouwkunde","2008 - 2009, 2011 - 2012, 2017 - 2018, 2018 - 2019",Constructiematerialen Schema; Samenvatting Boek; Samenvatting Constructiematerialen
H9XA1A,Constructiematerialen,Samenvattingen,Slides / Lesmateriaal,2,27.01,"Ba - Architectuur, Ba - Bouwkunde","2017 - 2018, 2018 - 2019",Cursus Gebaseerd Op Slides Sara Db; Slides Constructiematerialen
I0D35A,Introduction to Genetics,Oefenzittingen,Oefenzittingen,1,1.95,Ma - Biomedical Engineering,2021 - 2022,Student Solution Model Examination 2022 (ward Coomans)
I0D35A,Introduction to Genetics,Samenvattingen,Samenvattingen,16,46.96,Ma - Biomedical Engineering,"2021 - 2022, 2024 - 2025, 2025 - 2026",Introduction To Genetics Summary Annelies Verreth; Chapter 11 Regulation Of Gene Expression In Bacteria And Their Viruses; Chapter 12 Regulation Of Transcription In Eukaryotes
I0D35A,Introduction to Genetics,Samenvattingen,Overig / Other,2,0.89,Ma - Biomedical Engineering,"2021 - 2022, 2022 - 2023",Model Examination 2021 2022; Model Examination 2022
I0N48B,Statistical Data Analysis,Oefenzittingen,Oefenzittingen,6,1.25,Ma - Mobility and Supply Chain Engineering,2022 - 2023,Chapter 1; Chapter 2; Chapter 3
I0N48B,Statistical Data Analysis,Oefenzittingen,Labo & Code,9,0.09,Ma - Mobility and Supply Chain Engineering,2022 - 2023,Session 1; Session 2; Session 3
I0N48B,Statistical Data Analysis,Oefenzittingen,Verslagen & Projecten,6,1.35,Ma - Mobility and Supply Chain Engineering,2022 - 2023,Project 1 Question; Project 1 Solution; Project 2 Question
I0N48B,Statistical Data Analysis,Samenvattingen,Samenvattingen,2,5.79,Ma - Mobility and Supply Chain Engineering,"2019 - 2020, 2021 - 2022",Formularium R Stijn Tonnelier; Summary 2020 Stijn Tonnelier
I0N48B,Statistical Data Analysis,Samenvattingen,Slides / Lesmateriaal,7,13.45,Ma - Mobility and Supply Chain Engineering,2022 - 2023,Chapter 1; Chapter 2; Chapter 3
I0N48B,Statistical Data Analysis,Samenvattingen,Overig / Other,1,14.42,Ma - Mathematical Engineering,2021 - 2022,Scheme Af [eng] (veronique Lenaerts 2021 2022)
I0N57C,Experimental Design,Examens,Examens,40,36.6,Ba - Bedrijfsbeheer,"2019 - 2020, 2021 - 2022, 2022 - 2023, 2023 - 2024, 2024 - 2025",Antwoorden Examen 25 Juni 2025; Antwoorden Examen 26 Juni 2024; Examen Puntencriteria Statistische Proefopzet 28 Juni 2023
I0N57C,Experimental Design,Oefenzittingen,Oefenzittingen,1,18.56,Ba - Bedrijfsbeheer,2019 - 2020,Proeftechniek Oefenzittingen 4 10
I0N57C,Experimental Design,Samenvattingen,Overig / Other,3,7.1,Ba - Bedrijfsbeheer,"2019 - 2020, 2021 - 2022",Proeftechniek 2015 1106; Proeftechniek 2021 2022; Soorten Modellen + Uitleg
I0N57C,Experimental Design,Samenvattingen,Samenvattingen,1,0.18,Ba - Bedrijfsbeheer,2023 - 2024,Sp Formularium
I0P05D,Biofluidics,Samenvattingen,Overig / Other,7,17.07,Ma - Biomedical Engineering,2017 - 2018,Arterialmechanics; Biofluidmechanics; Cardiovascularinteraction
I0P05D,Biofluidics,Samenvattingen,Slides / Lesmateriaal,1,6.15,Ma - Biomedical Engineering,2017 - 2018,Cardiacmechanicsppt
I0P50C,Microscopy for Molecular Biotechnology,Examens,Examens,1,2.16,"Ma - Nanoscience, -technology and -engineering",2022 - 2023,Opgeloste Exexamenvragen Schymkowitz
I0P50C,Microscopy for Molecular Biotechnology,Samenvattingen,Overig / Other,2,4.3,"Ma - Nanoscience, -technology and -engineering",2022 - 2023,Protein Detection Using Dna Labels Aptamers; Protein Structure Determination Methods
I0U28B,Omics Techniques and Data Analysis,Examens,Examens,1,0.17,Ma - Biomedical Engineering,2022 - 2023,Examenvragen Omics
L01N7A,Research Topics in Human Movement Biomechanics,Examens,Examens,1,0.11,Ma - Biomedical Engineering,2021 - 2022,Old Exam Questions
L01N7A,Research Topics in Human Movement Biomechanics,Samenvattingen,Samenvattingen,3,1.45,Ma - Biomedical Engineering,2021 - 2022,Musculoskeletal Modelling Summary Tiziana Dozin; Neuromechanics Summary Tiziana Dozin; Summary Mechanobiology Tendon Tiziana Dozin
P00H0A,"Psychology, incl. Psychology of Perception",Samenvattingen,Slides / Lesmateriaal,1,76.82,Ma - Algemeen vormende onderdelen,2019 - 2020,Psychologie Van De Waarneming Slides Met Notities
